1.8886098233469086 2.0723913186723144 2.2158083162262425 eshape 1.0 1.0 1.0 mshape nan nan
1.8572050929047512 1.970590699640011 2.0080570518181067 eshape 1.0 1.0 1.0 mshape nan nan
1.85165121228489 1.954218854722362 1.9787697373095716 eshape 1.0 1.0 1.0 mshape nan nan
1.8529311213044644 1.9538153513323682 1.9754014264357753 eshape 1.0 1.0 1.0 mshape nan nan
1.8528891877635436 1.9541901606072032 1.9793202354636954 eshape 1.0 1.0 1.0 mshape nan nan
1.8533266312988976 1.9536956732249173 1.9746999273362429 eshape 1.0 1.0 1.0 mshape nan nan
1.852183118363997 1.9531609384185025 1.976635051405633 eshape 1.0 1.0 1.0 mshape nan nan
1.8524030030129297 1.953229978858543 1.9733821282461073 eshape 1.0 1.0 1.0 mshape nan nan
1.8515582110231266 1.952167916394158 1.972744981868634 eshape 1.0 1.0 1.0 mshape nan nan
1.8520238810358431 1.9537321129480165 1.9740435128489062 eshape 1.0 1.0 1.0 mshape nan nan
1.8523108410540055 1.9527336302286078 1.9739577397763612 eshape 1.0 1.0 1.0 mshape nan nan
1.8518159542134554 1.951172023042847 1.971618893873302 eshape 1.0 1.0 1.0 mshape nan nan
1.852029773067619 1.9538756993652406 1.974724270690994 eshape 1.0 1.0 1.0 mshape nan nan
1.8533059403133727 1.9552193553339106 1.9775408068893041 eshape 1.0 1.0 1.0 mshape nan nan
1.8516199022349151 1.9519546615371284 1.9716076991529616 eshape 1.0 1.0 1.0 mshape nan nan
1.852263959713416 1.9524809126921587 1.9731104405976723 eshape 1.0 1.0 1.0 mshape nan nan
1.8520400277708065 1.952350306825625 1.971944262256807 eshape 1.0 1.0 1.0 mshape nan nan
1.85139179350716 1.952216665539646 1.9728338085876835 eshape 1.0 1.0 1.0 mshape nan nan
1.8521700481512169 1.9522172148176493 1.9718112982303473 eshape 1.0 1.0 1.0 mshape nan nan
1.8522949464551322 1.9524502367554482 1.9720762920525152 eshape 1.0 1.0 1.0 mshape nan nan
1.8522116462043465 1.9519192277403115 1.972994407984455 eshape 1.0 1.0 1.0 mshape nan nan
1.851531113587026 1.9527019123327272 1.971862061633294 eshape 1.0 1.0 1.0 mshape nan nan
1.8520529890324218 1.9527706357259187 1.9717167931320065 eshape 1.0 1.0 1.0 mshape nan nan
1.8517663316508766 1.9521671450385472 1.972689970749278 eshape 1.0 1.0 1.0 mshape nan nan
1.8530185348898272 1.953270386054378 1.9746601261517358 eshape 1.0 1.0 1.0 mshape nan nan
1.8520613028208224 1.954377505009541 1.9751042528388723 eshape 1.0 1.0 1.0 mshape nan nan
1.8519045764697022 1.9530743663638037 1.9735367143917346 eshape 1.0 1.0 1.0 mshape nan nan
1.8517126820391672 1.9528643814564803 1.9710020198514342 eshape 1.0 1.0 1.0 mshape nan nan
1.852307418848372 1.9533060705128966 1.9795475088429322 eshape 1.0 1.0 1.0 mshape nan nan
1.8524642889573948 1.9540395582313066 1.9741820421983374 eshape 1.0 1.0 1.0 mshape nan nan
1.8522380731665824 1.9532058643166919 1.9747643827003327 eshape 1.0 1.0 1.0 mshape nan nan
1.8524957668719753 1.9524791263456243 1.9719890551490682 eshape 1.0 1.0 1.0 mshape nan nan
1.851781532724333 1.9514046049419076 1.9706948094887202 eshape 1.0 1.0 1.0 mshape nan nan
1.852284768160394 1.9531282575299462 1.972738403866518 eshape 1.0 1.0 1.0 mshape nan nan
1.8522953062561915 1.951789299357239 1.971126634571156 eshape 1.0 1.0 1.0 mshape nan nan
1.8519017188332296 1.9527258257416003 1.9711825805511995 eshape 1.0 1.0 1.0 mshape nan nan
1.8519643033385476 1.9529261475951372 1.9715307701250437 eshape 1.0 1.0 1.0 mshape nan nan
1.8526345140642684 1.952093437129635 1.9734063725697748 eshape 1.0 1.0 1.0 mshape nan nan
1.852412634575188 1.9530860266205032 1.9735925368129108 eshape 1.0 1.0 1.0 mshape nan nan
1.8519749311465734 1.9517084100777813 1.971345728697686 eshape 1.0 1.0 1.0 mshape nan nan
1.8522984285154014 1.9519520698094377 1.973248138667969 eshape 1.0 1.0 1.0 mshape nan nan
1.852194644999836 1.9505162145158499 1.9707433484484524 eshape 1.0 1.0 1.0 mshape nan nan
1.8518638218304704 1.9526560578186425 1.9740340520056012 eshape 1.0 1.0 1.0 mshape nan nan
1.85218191510172 1.9534812667525563 1.974945503514879 eshape 1.0 1.0 1.0 mshape nan nan
1.8527005055030914 1.9535480538419137 1.9756829067631183 eshape 1.0 1.0 1.0 mshape nan nan
1.852218912129885 1.9525805548874273 1.9744438000738183 eshape 1.0 1.0 1.0 mshape nan nan
1.8519303000635259 1.9523309210164663 1.9720970476920496 eshape 1.0 1.0 1.0 mshape nan nan
1.8517802839733275 1.9517586961925542 1.9734368440231522 eshape 1.0 1.0 1.0 mshape nan nan
1.851903525723007 1.9516749915916398 1.9691855912111962 eshape 1.0 1.0 1.0 mshape nan nan
1.8521801218479603 1.9511965425852271 1.9718471202206125 eshape 1.0 1.0 1.0 mshape nan nan
1.8516231939873353 1.9514561405701951 1.9702305712110508 eshape 1.0 1.0 1.0 mshape nan nan
1.8520948349860815 1.9516155057675308 1.9733485672984936 eshape 1.0 1.0 1.0 mshape nan nan
1.85236890755194 1.95279072898091 1.9720478048975287 eshape 1.0 1.0 1.0 mshape nan nan
1.851822809459927 1.950952926104924 1.971449470435642 eshape 1.0 1.0 1.0 mshape nan nan
1.8518628860445383 1.9508352212573368 1.9699272631572002 eshape 1.0 1.0 1.0 mshape nan nan
1.851659645574359 1.9517179920422463 1.9703384709850693 eshape 1.0 1.0 1.0 mshape nan nan
1.8519997405370712 1.9512985486649432 1.9699932265491507 eshape 1.0 1.0 1.0 mshape nan nan
1.8522797985863684 1.9519204551028513 1.9709527900039594 eshape 1.0 1.0 1.0 mshape nan nan
1.8519111350799116 1.9515059886067117 1.9701725396169043 eshape 1.0 1.0 1.0 mshape nan nan
1.851524289333358 1.9511546934545003 1.9699404816118007 eshape 1.0 1.0 1.0 mshape nan nan
1.852158063252705 1.9518048498330396 1.9711649665662974 eshape 1.0 1.0 1.0 mshape nan nan
1.8519654173955906 1.9511856056811747 1.9703144818173228 eshape 1.0 1.0 1.0 mshape nan nan
1.8520951884505223 1.9518121407337183 1.9742070901618582 eshape 1.0 1.0 1.0 mshape nan nan
1.851294018799601 1.9514947323682985 1.9709440730065746 eshape 1.0 1.0 1.0 mshape nan nan
1.8520259319594596 1.9513938666484023 1.9732691127024249 eshape 1.0 1.0 1.0 mshape nan nan
1.8520420054225233 1.9516329780537358 1.9723224753026232 eshape 1.0 1.0 1.0 mshape nan nan
1.852284893719782 1.952194283141598 1.9725463774106384 eshape 1.0 1.0 1.0 mshape nan nan
1.85170757402249 1.950903437952372 1.9714939384127672 eshape 1.0 1.0 1.0 mshape nan nan
1.852121106462596 1.9515863501940385 1.9707536214473003 eshape 1.0 1.0 1.0 mshape nan nan
1.8518094494201036 1.9518632351473268 1.970395907293817 eshape 1.0 1.0 1.0 mshape nan nan
1.8515805355011667 1.9522155545848465 1.9713371778950624 eshape 1.0 1.0 1.0 mshape nan nan
1.8517863265275587 1.951717496685862 1.9717844296082845 eshape 1.0 1.0 1.0 mshape nan nan
1.8522358872487492 1.9534202050098854 1.9734875582047726 eshape 1.0 1.0 1.0 mshape nan nan
1.8518340226212895 1.9519106075885824 1.9726805903738622 eshape 1.0 1.0 1.0 mshape nan nan
1.8518396403069997 1.9516210842148554 1.971965737809385 eshape 1.0 1.0 1.0 mshape nan nan
1.8517561710083479 1.951415528782643 1.9720449810745846 eshape 1.0 1.0 1.0 mshape nan nan
1.8518356821153343 1.9516756541843527 1.9713294303221716 eshape 1.0 1.0 1.0 mshape nan nan
1.8519907375693023 1.9514725750046444 1.9711369263469083 eshape 1.0 1.0 1.0 mshape nan nan
1.851511544450685 1.9510221745516387 1.9699615593562338 eshape 1.0 1.0 1.0 mshape nan nan
1.8519114199708009 1.9515286770706306 1.9703113253421938 eshape 1.0 1.0 1.0 mshape nan nan
1.8521115204763339 1.9516485766187355 1.970524996123576 eshape 1.0 1.0 1.0 mshape nan nan
1.8520604962425269 1.9519175895037462 1.9713742309682478 eshape 1.0 1.0 1.0 mshape nan nan
1.8523456885529241 1.9519081518594872 1.9714718780376037 eshape 1.0 1.0 1.0 mshape nan nan
1.8518539679928816 1.951519029761088 1.970092128766073 eshape 1.0 1.0 1.0 mshape nan nan
1.8516808899011183 1.9510646454191187 1.970092589655663 eshape 1.0 1.0 1.0 mshape nan nan
1.8517088816559137 1.9506244023875627 1.9700566011713474 eshape 1.0 1.0 1.0 mshape nan nan
1.8516963478152972 1.9516679257812684 1.9723351094214991 eshape 1.0 1.0 1.0 mshape nan nan
1.8520271606098102 1.952902911619408 1.9724939010578586 eshape 1.0 1.0 1.0 mshape nan nan
1.851542951884279 1.9507927716932945 1.9687313463424934 eshape 1.0 1.0 1.0 mshape nan nan
1.8524733824268558 1.9520110289357184 1.9721682417425872 eshape 1.0 1.0 1.0 mshape nan nan
1.8520975425972752 1.9519565397968954 1.9713351490811144 eshape 1.0 1.0 1.0 mshape nan nan
1.8515216737122497 1.9517413107724217 1.972954387662733 eshape 1.0 1.0 1.0 mshape nan nan
1.851939435450804 1.9521133496476 1.972555529639027 eshape 1.0 1.0 1.0 mshape nan nan
1.8510389586881972 1.9513390620183433 1.9705854589614322 eshape 1.0 1.0 1.0 mshape nan nan
1.8519324660428358 1.95182031786801 1.9710589794702906 eshape 1.0 1.0 1.0 mshape nan nan
1.8516040018378939 1.9518091215984343 1.970228087325672 eshape 1.0 1.0 1.0 mshape nan nan
1.8516393506268283 1.9510871712966102 1.9696460494810841 eshape 1.0 1.0 1.0 mshape nan nan
1.8521210241777732 1.9516460045835644 1.9710229710233287 eshape 1.0 1.0 1.0 mshape nan nan
1.851640671843557 1.9505267495499516 1.969741215704323 eshape 1.0 1.0 1.0 mshape nan nan
1.851520293593199 1.9510234305245195 1.9711150753484776 eshape 1.0 1.0 1.0 mshape nan nan
1.852197446812617 1.9518496406463408 1.9698758503051794 eshape 1.0 1.0 1.0 mshape nan nan
1.852160301245165 1.9516384027064468 1.971357475071064 eshape 1.0 1.0 1.0 mshape nan nan
1.851157009036205 1.951539637330568 1.9718415895033434 eshape 1.0 1.0 1.0 mshape nan nan
1.8512280742369258 1.9510942586510474 1.9716813811343665 eshape 1.0 1.0 1.0 mshape nan nan
1.8522409825042905 1.9515810120587727 1.9716812452869281 eshape 1.0 1.0 1.0 mshape nan nan
1.8512103425497857 1.9518886141976535 1.970483875816065 eshape 1.0 1.0 1.0 mshape nan nan
1.8515819396941555 1.9510700605862352 1.9699325144384057 eshape 1.0 1.0 1.0 mshape nan nan
1.8516577875276203 1.9519681813833643 1.9716678634374618 eshape 1.0 1.0 1.0 mshape nan nan
1.851699920384832 1.9506103858038462 1.970008471870896 eshape 1.0 1.0 1.0 mshape nan nan
1.8518278159882888 1.9510999795534405 1.9715654100630122 eshape 1.0 1.0 1.0 mshape nan nan
1.851982740733329 1.9512268304873528 1.9719428820206446 eshape 1.0 1.0 1.0 mshape nan nan
1.8516101799072127 1.9516485665446737 1.9701283291652651 eshape 1.0 1.0 1.0 mshape nan nan
1.8517749808226993 1.951765228131357 1.9723133167253035 eshape 1.0 1.0 1.0 mshape nan nan
1.8520549899685061 1.9513064927354717 1.9690428374643416 eshape 1.0 1.0 1.0 mshape nan nan
1.8523125198778816 1.9521395309330125 1.9718618575350932 eshape 1.0 1.0 1.0 mshape nan nan
1.8520828869546953 1.9518814627410064 1.9724328267324154 eshape 1.0 1.0 1.0 mshape nan nan
1.8515658707740097 1.951503603152547 1.9709296531638545 eshape 1.0 1.0 1.0 mshape nan nan
1.8520798673173597 1.9513889321910758 1.9722052887212658 eshape 1.0 1.0 1.0 mshape nan nan
1.8520571730379183 1.9518275566477845 1.9716589828675637 eshape 1.0 1.0 1.0 mshape nan nan
1.8518636685670056 1.950911212379116 1.9708079734450432 eshape 1.0 1.0 1.0 mshape nan nan
1.8518210432204865 1.9512928927727657 1.9710683341218553 eshape 1.0 1.0 1.0 mshape nan nan
1.8515372712930047 1.9509328456990507 1.9708300877321558 eshape 1.0 1.0 1.0 mshape nan nan
1.852090605281295 1.9520471667889705 1.9705452015373845 eshape 1.0 1.0 1.0 mshape nan nan
1.8518924899595903 1.9512662520554114 1.9712163963827276 eshape 1.0 1.0 1.0 mshape nan nan
1.8518239094775537 1.952107047855392 1.9722641334702757 eshape 1.0 1.0 1.0 mshape nan nan
1.8515093517386743 1.9507312970007262 1.9690860036301518 eshape 1.0 1.0 1.0 mshape nan nan
1.8514199469177623 1.9510705059290827 1.9705529018012053 eshape 1.0 1.0 1.0 mshape nan nan
1.8516680214805294 1.9497730731727405 1.9704827469201587 eshape 1.0 1.0 1.0 mshape nan nan
1.852338721781026 1.9516285877043442 1.9734710290921307 eshape 1.0 1.0 1.0 mshape nan nan
1.8520017878932156 1.9511164123486964 1.969895229819841 eshape 1.0 1.0 1.0 mshape nan nan
1.8517257746497184 1.9524147608632645 1.9708099949780111 eshape 1.0 1.0 1.0 mshape nan nan
1.8517911689909445 1.9528053299305332 1.9727047603835506 eshape 1.0 1.0 1.0 mshape nan nan
1.8519526664410326 1.9507722465205353 1.9714228497100437 eshape 1.0 1.0 1.0 mshape nan nan
1.8517193026429617 1.9511837511858436 1.971654285762045 eshape 1.0 1.0 1.0 mshape nan nan
1.8521018249086865 1.9520903462286665 1.9719028043319298 eshape 1.0 1.0 1.0 mshape nan nan
1.8521982435349067 1.951665338990812 1.971074574588941 eshape 1.0 1.0 1.0 mshape nan nan
1.8518627875003832 1.951771724546953 1.9708948235288424 eshape 1.0 1.0 1.0 mshape nan nan
1.8516507087745033 1.9508994386418776 1.9697880551707545 eshape 1.0 1.0 1.0 mshape nan nan
1.85228196319055 1.9518108427454997 1.9704101645445615 eshape 1.0 1.0 1.0 mshape nan nan
1.851526700996429 1.951157296849386 1.9711551229798914 eshape 1.0 1.0 1.0 mshape nan nan
1.8524939156254936 1.9522900231117872 1.9727485580795252 eshape 1.0 1.0 1.0 mshape nan nan
1.8523014615472881 1.9524314437611725 1.9716429838383247 eshape 1.0 1.0 1.0 mshape nan nan
1.8512758946136152 1.9503958263163574 1.9706370962290585 eshape 1.0 1.0 1.0 mshape nan nan
1.8516503310190737 1.9516315387482812 1.9721057665501285 eshape 1.0 1.0 1.0 mshape nan nan
1.8524168156706255 1.9507514977649252 1.9708584182485764 eshape 1.0 1.0 1.0 mshape nan nan
1.8519279169327862 1.951212254020597 1.9740049795644692 eshape 1.0 1.0 1.0 mshape nan nan
1.8520961761771746 1.9516280272351345 1.96975868435859 eshape 1.0 1.0 1.0 mshape nan nan
1.8519929040806264 1.9510539464001038 1.970696335780581 eshape 1.0 1.0 1.0 mshape nan nan
1.8520003194773857 1.950745486321606 1.9718584881919672 eshape 1.0 1.0 1.0 mshape nan nan
1.851489532661811 1.950889395381181 1.9703020939268305 eshape 1.0 1.0 1.0 mshape nan nan
1.8517870108530778 1.9515110577169694 1.9701931732171059 eshape 1.0 1.0 1.0 mshape nan nan
1.8516971260803476 1.9503903991940403 1.9707923186821776 eshape 1.0 1.0 1.0 mshape nan nan
1.8514581729924253 1.9500768304789173 1.9710098944128958 eshape 1.0 1.0 1.0 mshape nan nan
1.8513510498539283 1.9507138396183106 1.9707061466004296 eshape 1.0 1.0 1.0 mshape nan nan
1.851496392374856 1.9511013638123993 1.969709220490012 eshape 1.0 1.0 1.0 mshape nan nan
1.8518517612399674 1.9508455691300803 1.9709981237687078 eshape 1.0 1.0 1.0 mshape nan nan
1.8515980256043905 1.9518183629261123 1.9699698399493817 eshape 1.0 1.0 1.0 mshape nan nan
1.8516317564680207 1.952090416406436 1.9713292406513498 eshape 1.0 1.0 1.0 mshape nan nan
1.8523493675132112 1.9521136707024447 1.972150186611917 eshape 1.0 1.0 1.0 mshape nan nan
1.8523623159242786 1.9515163341289492 1.9730450799669825 eshape 1.0 1.0 1.0 mshape nan nan
1.8515687759613777 1.950550326553405 1.9711479702600312 eshape 1.0 1.0 1.0 mshape nan nan
1.8516955732896554 1.9507680751628558 1.9705663188200553 eshape 1.0 1.0 1.0 mshape nan nan
1.8518185005181464 1.951028463230695 1.9698310145556688 eshape 1.0 1.0 1.0 mshape nan nan
1.8516002684197175 1.9509101617278493 1.970618393800418 eshape 1.0 1.0 1.0 mshape nan nan
1.8517244203578294 1.9512864453141365 1.9712294492597222 eshape 1.0 1.0 1.0 mshape nan nan
1.8515540734688152 1.951074292052432 1.9710290124275103 eshape 1.0 1.0 1.0 mshape nan nan
1.8521087515838923 1.9514512961315256 1.9708101140473189 eshape 1.0 1.0 1.0 mshape nan nan
1.8522537109610975 1.9524058339990014 1.9729068104833256 eshape 1.0 1.0 1.0 mshape nan nan
1.8517745629898634 1.951146741039912 1.9709075892441792 eshape 1.0 1.0 1.0 mshape nan nan
1.8512729748477672 1.9503299453675906 1.9706100237340751 eshape 1.0 1.0 1.0 mshape nan nan
1.852274115269282 1.95146802766225 1.9726526290271065 eshape 1.0 1.0 1.0 mshape nan nan
1.8518542172747088 1.9505308437638775 1.9697140441679695 eshape 1.0 1.0 1.0 mshape nan nan
1.8516551944182413 1.9511858983020212 1.9704978384454592 eshape 1.0 1.0 1.0 mshape nan nan
1.851883401265534 1.9514968646375517 1.9727333100331599 eshape 1.0 1.0 1.0 mshape nan nan
1.8515660411797983 1.9510822044100773 1.9709640411019484 eshape 1.0 1.0 1.0 mshape nan nan
1.8513020052212883 1.9508725583267317 1.9698871586552507 eshape 1.0 1.0 1.0 mshape nan nan
1.8514151611571026 1.9516144797679638 1.9705700441389757 eshape 1.0 1.0 1.0 mshape nan nan
1.8517864143237048 1.9506699998881551 1.968793004262855 eshape 1.0 1.0 1.0 mshape nan nan
1.8522908756622651 1.9513526621200838 1.9714091348887173 eshape 1.0 1.0 1.0 mshape nan nan
1.8520472272069484 1.9515410382143146 1.9715579784434394 eshape 1.0 1.0 1.0 mshape nan nan
1.8521719171777744 1.951329638127781 1.9713304361158297 eshape 1.0 1.0 1.0 mshape nan nan
1.852360625703789 1.9512546748874835 1.9706371507170108 eshape 1.0 1.0 1.0 mshape nan nan
1.8519956452886948 1.952282036899093 1.9705766170809942 eshape 1.0 1.0 1.0 mshape nan nan
1.8517441375636339 1.9508465274455582 1.970613380414676 eshape 1.0 1.0 1.0 mshape nan nan
1.8517511344464823 1.9509003571026384 1.9721196074743745 eshape 1.0 1.0 1.0 mshape nan nan
1.851219273339451 1.9500116775959497 1.9703114874360672 eshape 1.0 1.0 1.0 mshape nan nan
1.851879681235846 1.951812488779988 1.972043955590769 eshape 1.0 1.0 1.0 mshape nan nan
1.851714322599458 1.9507370321866053 1.9712175869959583 eshape 1.0 1.0 1.0 mshape nan nan
1.8522336077549 1.951301032986521 1.9711405001919065 eshape 1.0 1.0 1.0 mshape nan nan
1.8515635402892336 1.951653180048321 1.9691748801730966 eshape 1.0 1.0 1.0 mshape nan nan
1.851720895687331 1.951282203792392 1.9713532299335708 eshape 1.0 1.0 1.0 mshape nan nan
1.8520531929947999 1.9527779347055407 1.973080561117492 eshape 1.0 1.0 1.0 mshape nan nan
1.8520246281751946 1.9517011270749252 1.9712622571867702 eshape 1.0 1.0 1.0 mshape nan nan
1.8515884258842084 1.950701691189519 1.9704847451749876 eshape 1.0 1.0 1.0 mshape nan nan
1.8518228020207463 1.9509455147575148 1.9714296624405843 eshape 1.0 1.0 1.0 mshape nan nan
1.8513107370750923 1.9519943518122085 1.9716483817968231 eshape 1.0 1.0 1.0 mshape nan nan
1.852112763885079 1.9510333464426237 1.971618445354607 eshape 1.0 1.0 1.0 mshape nan nan
1.851252044408209 1.9513045236304296 1.9718461332352468 eshape 1.0 1.0 1.0 mshape nan nan
1.8514127675254963 1.9507498513318577 1.971641927089376 eshape 1.0 1.0 1.0 mshape nan nan
1.8518243620752004 1.9508594687898042 1.9691977943448 eshape 1.0 1.0 1.0 mshape nan nan
1.8512567777740074 1.9502356039261748 1.9708872863566935 eshape 1.0 1.0 1.0 mshape nan nan
1.8518315511297072 1.9515188310456666 1.9711238796445933 eshape 1.0 1.0 1.0 mshape nan nan
1.8517697425295654 1.9508137032175803 1.9699391826436055 eshape 1.0 1.0 1.0 mshape nan nan
1.852124931021713 1.9525336438661642 1.9724438737998993 eshape 1.0 1.0 1.0 mshape nan nan
1.851401976075486 1.9514135092430835 1.971250715581604 eshape 1.0 1.0 1.0 mshape nan nan
1.8517501280242152 1.9507166552516564 1.9715468447509767 eshape 1.0 1.0 1.0 mshape nan nan
1.8517364025167027 1.951816071728055 1.971636662761623 eshape 1.0 1.0 1.0 mshape nan nan
1.8516868267824174 1.9508306024328048 1.9698133375669393 eshape 1.0 1.0 1.0 mshape nan nan
1.8521839922468517 1.9518541836209906 1.9724112216090388 eshape 1.0 1.0 1.0 mshape nan nan
1.8516759289787086 1.9510120786919418 1.9710471451608793 eshape 1.0 1.0 1.0 mshape nan nan
1.8518321637419695 1.9520680220928421 1.9716861889747648 eshape 1.0 1.0 1.0 mshape nan nan
1.8523221524896862 1.9510315023145732 1.9698822275224643 eshape 1.0 1.0 1.0 mshape nan nan
1.8515654681071976 1.9512235780445222 1.970926618032027 eshape 1.0 1.0 1.0 mshape nan nan
1.851840961360563 1.9505419153722885 1.9703677244401698 eshape 1.0 1.0 1.0 mshape nan nan
1.8517875303023494 1.9509037068892718 1.9695227968578357 eshape 1.0 1.0 1.0 mshape nan nan
1.8525426230374458 1.952302768553083 1.973594075231714 eshape 1.0 1.0 1.0 mshape nan nan
1.851550628327846 1.951667593623927 1.9708310838515022 eshape 1.0 1.0 1.0 mshape nan nan
1.8518439799856607 1.9518312753883276 1.9722564132730986 eshape 1.0 1.0 1.0 mshape nan nan
1.8517700818792096 1.9505889635355422 1.9700613740104163 eshape 1.0 1.0 1.0 mshape nan nan
1.851783664572477 1.9508122038472016 1.9715234027727413 eshape 1.0 1.0 1.0 mshape nan nan
1.8518182054752605 1.9516747563842824 1.9710487811005597 eshape 1.0 1.0 1.0 mshape nan nan
1.852103965353657 1.9517096418489477 1.9696010717989048 eshape 1.0 1.0 1.0 mshape nan nan
1.851695835982394 1.9514311323761866 1.9714628821196427 eshape 1.0 1.0 1.0 mshape nan nan
1.8517541423430621 1.951961337063051 1.9714982170057538 eshape 1.0 1.0 1.0 mshape nan nan
1.8514439242565273 1.9504939281195235 1.969087159251015 eshape 1.0 1.0 1.0 mshape nan nan
1.8518915646110177 1.952034200222919 1.9710079228602984 eshape 1.0 1.0 1.0 mshape nan nan
1.8516961197241064 1.9511668012389236 1.971452032569574 eshape 1.0 1.0 1.0 mshape nan nan
1.8519913870023437 1.9507869613146966 1.9702796747845865 eshape 1.0 1.0 1.0 mshape nan nan
1.851944348312507 1.951890296480837 1.9695649377600883 eshape 1.0 1.0 1.0 mshape nan nan
1.8513112518970642 1.9511175616862906 1.9699956160354521 eshape 1.0 1.0 1.0 mshape nan nan
1.85219975299986 1.9514696020660764 1.9705516883969296 eshape 1.0 1.0 1.0 mshape nan nan
1.85157277385806 1.9506088293048585 1.9696259851678963 eshape 1.0 1.0 1.0 mshape nan nan
1.8511401892799368 1.949892234489378 1.9688341875215443 eshape 1.0 1.0 1.0 mshape nan nan
1.8513471045452148 1.9502754778572193 1.9713789926817116 eshape 1.0 1.0 1.0 mshape nan nan
1.8520245421027048 1.9509472057738924 1.9707661002018173 eshape 1.0 1.0 1.0 mshape nan nan
1.852285046575606 1.9515751873501355 1.971312148170272 eshape 1.0 1.0 1.0 mshape nan nan
1.851484885884271 1.9502668393451497 1.9688760793544635 eshape 1.0 1.0 1.0 mshape nan nan
1.8517493585276035 1.9508441242249392 1.9728757706761666 eshape 1.0 1.0 1.0 mshape nan nan
1.8511788236937203 1.9501693916490155 1.9693307398450726 eshape 1.0 1.0 1.0 mshape nan nan
1.8513994857140939 1.9509548473121872 1.9701139946633512 eshape 1.0 1.0 1.0 mshape nan nan
1.8517252927083465 1.9516241955022386 1.9722966918419862 eshape 1.0 1.0 1.0 mshape nan nan
1.8521001188516282 1.952375939882991 1.9712576514784808 eshape 1.0 1.0 1.0 mshape nan nan
1.8520952073361276 1.952169778195447 1.971927003887695 eshape 1.0 1.0 1.0 mshape nan nan
1.8512760408243256 1.9502295321317769 1.9693239911992797 eshape 1.0 1.0 1.0 mshape nan nan
1.8517387463456698 1.951652043043425 1.9719479603007906 eshape 1.0 1.0 1.0 mshape nan nan
1.851878648753703 1.950748266618213 1.9699115713188025 eshape 1.0 1.0 1.0 mshape nan nan
1.8527148517186032 1.9516377529862317 1.971609983471106 eshape 1.0 1.0 1.0 mshape nan nan
1.8512450884285996 1.9511458706353912 1.9702802852859098 eshape 1.0 1.0 1.0 mshape nan nan
1.8514349572653752 1.951135728163557 1.9705201313837193 eshape 1.0 1.0 1.0 mshape nan nan
1.8515394024858538 1.9510501910870266 1.9698954110737605 eshape 1.0 1.0 1.0 mshape nan nan
1.8519241102159385 1.9510318091334382 1.9702655274747902 eshape 1.0 1.0 1.0 mshape nan nan
1.8519319190428778 1.9504738078101052 1.9693922494662943 eshape 1.0 1.0 1.0 mshape nan nan
1.8519999609686615 1.9511599995745028 1.970582600382973 eshape 1.0 1.0 1.0 mshape nan nan
1.851183613815278 1.9499927258367846 1.969033368600056 eshape 1.0 1.0 1.0 mshape nan nan
1.8509584531202028 1.9506914850525747 1.9692044214702433 eshape 1.0 1.0 1.0 mshape nan nan
1.8518253940268266 1.9504703803965366 1.970391264722588 eshape 1.0 1.0 1.0 mshape nan nan
1.8520585192825787 1.950973480709716 1.9682960257191504 eshape 1.0 1.0 1.0 mshape nan nan
1.8514062411220824 1.9511089628074794 1.9694607217950093 eshape 1.0 1.0 1.0 mshape nan nan
1.8515623261578922 1.9513159208213313 1.9690446345799335 eshape 1.0 1.0 1.0 mshape nan nan
1.8513542603523985 1.9507955725110033 1.9687543885114667 eshape 1.0 1.0 1.0 mshape nan nan
1.8519446718475598 1.952020604504406 1.97216131886316 eshape 1.0 1.0 1.0 mshape nan nan
1.8516339957812782 1.950812561752817 1.971355272172883 eshape 1.0 1.0 1.0 mshape nan nan
1.8516676269466863 1.951559570836094 1.9708446137087479 eshape 1.0 1.0 1.0 mshape nan nan
1.8521505325170193 1.95246158968686 1.971703378946528 eshape 1.0 1.0 1.0 mshape nan nan
1.8521171752646157 1.9527063598738292 1.9742056858205714 eshape 1.0 1.0 1.0 mshape nan nan
1.8522911703333023 1.952823696741144 1.9711101401234048 eshape 1.0 1.0 1.0 mshape nan nan
1.851545875509952 1.9507394931897524 1.970758304726976 eshape 1.0 1.0 1.0 mshape nan nan
1.8519609780090354 1.952232302312905 1.9712911750031552 eshape 1.0 1.0 1.0 mshape nan nan
1.8517193214196637 1.9513764136476277 1.9711886858731602 eshape 1.0 1.0 1.0 mshape nan nan
1.8517751202881132 1.9514448434482434 1.9704219223378359 eshape 1.0 1.0 1.0 mshape nan nan
1.851829460106752 1.950638482721881 1.9706090976018182 eshape 1.0 1.0 1.0 mshape nan nan
1.8515964941095997 1.9510943084275307 1.9705241754135177 eshape 1.0 1.0 1.0 mshape nan nan
1.8517102959530223 1.9515078953813259 1.971608473420938 eshape 1.0 1.0 1.0 mshape nan nan
1.852000825162157 1.9516438421251896 1.9713139972041864 eshape 1.0 1.0 1.0 mshape nan nan
1.8514047668422213 1.9502736038724773 1.970683686336241 eshape 1.0 1.0 1.0 mshape nan nan
1.851867642879939 1.9511850150997752 1.9692474997657692 eshape 1.0 1.0 1.0 mshape nan nan
1.8519557187205387 1.9512042517436838 1.9694980694869646 eshape 1.0 1.0 1.0 mshape nan nan
1.8518790196673844 1.950818569187173 1.9702509757411237 eshape 1.0 1.0 1.0 mshape nan nan
1.8514820827816378 1.9510443894331735 1.970136981309601 eshape 1.0 1.0 1.0 mshape nan nan
1.8514941935132871 1.9503129927982095 1.968910320149654 eshape 1.0 1.0 1.0 mshape nan nan
1.851332913018619 1.9516307661077568 1.9714771632840127 eshape 1.0 1.0 1.0 mshape nan nan
1.8514351097149775 1.951305778539975 1.9702495581340842 eshape 1.0 1.0 1.0 mshape nan nan
1.8518606201953656 1.9504315203449243 1.971063694952683 eshape 1.0 1.0 1.0 mshape nan nan
1.8513002205952884 1.951161536590581 1.9725347447341328 eshape 1.0 1.0 1.0 mshape nan nan
1.851668968911951 1.9507920072641673 1.9690029744174657 eshape 1.0 1.0 1.0 mshape nan nan
1.8513039475635065 1.9508788105240722 1.9695457072439777 eshape 1.0 1.0 1.0 mshape nan nan
1.8513247318940105 1.9501607174748954 1.9688979788737881 eshape 1.0 1.0 1.0 mshape nan nan
1.852047681618559 1.9515373191549812 1.969952863251875 eshape 1.0 1.0 1.0 mshape nan nan
1.85128955024174 1.9509266760044293 1.9704526818792134 eshape 1.0 1.0 1.0 mshape nan nan
1.8516455300541583 1.951373549333618 1.9702875467427816 eshape 1.0 1.0 1.0 mshape nan nan
1.8517821114220891 1.952020546126454 1.9702127253410924 eshape 1.0 1.0 1.0 mshape nan nan
1.8523218414435343 1.9516519522106923 1.9706956105742068 eshape 1.0 1.0 1.0 mshape nan nan
1.8514973801380767 1.9500281630788843 1.9696800959603102 eshape 1.0 1.0 1.0 mshape nan nan
1.851690628865799 1.9510080864035357 1.9703849152670203 eshape 1.0 1.0 1.0 mshape nan nan
1.8513614868400767 1.9505741190378985 1.969991360823218 eshape 1.0 1.0 1.0 mshape nan nan
1.8516186169753635 1.9515582702049832 1.9707915696985807 eshape 1.0 1.0 1.0 mshape nan nan
1.8516713835004583 1.9509389428680837 1.9692817504403533 eshape 1.0 1.0 1.0 mshape nan nan
1.8511105282167637 1.9513287719216637 1.968658024664841 eshape 1.0 1.0 1.0 mshape nan nan
1.852047907792574 1.951696585587087 1.9712614046077859 eshape 1.0 1.0 1.0 mshape nan nan
1.852389884148177 1.9510967273156556 1.9708973548842603 eshape 1.0 1.0 1.0 mshape nan nan
1.8516390292119367 1.950313602722853 1.9688112263890452 eshape 1.0 1.0 1.0 mshape nan nan
1.8518771634596611 1.951846139957603 1.9707698994616236 eshape 1.0 1.0 1.0 mshape nan nan
1.8513143787389952 1.9504153508392352 1.9698704455169422 eshape 1.0 1.0 1.0 mshape nan nan
1.8516265628514663 1.9518705907734955 1.9701397976366724 eshape 1.0 1.0 1.0 mshape nan nan
1.8514012670351994 1.9508704430075716 1.9715151454695576 eshape 1.0 1.0 1.0 mshape nan nan
1.8523727158330034 1.952514972605557 1.9713406109837341 eshape 1.0 1.0 1.0 mshape nan nan
1.85156791986903 1.9519070738011564 1.9729254425726723 eshape 1.0 1.0 1.0 mshape nan nan
1.852227726919336 1.9523818757614484 1.972368967992407 eshape 1.0 1.0 1.0 mshape nan nan
1.851180212736754 1.9498723631329469 1.9701747680975366 eshape 1.0 1.0 1.0 mshape nan nan
1.8510911971511261 1.9516729206341525 1.9708798239063166 eshape 1.0 1.0 1.0 mshape nan nan
1.851603237926947 1.950856864194761 1.9701658904719253 eshape 1.0 1.0 1.0 mshape nan nan
1.852056004527361 1.9510843891658203 1.968912875226752 eshape 1.0 1.0 1.0 mshape nan nan
1.8509468912115397 1.9502532481369357 1.9704027684759255 eshape 1.0 1.0 1.0 mshape nan nan
1.85179140490357 1.9518022765721788 1.9698928203365136 eshape 1.0 1.0 1.0 mshape nan nan
1.8513632875718908 1.951213378977859 1.9699585156624344 eshape 1.0 1.0 1.0 mshape nan nan
1.851268438987115 1.9508445084205555 1.9701432313307674 eshape 1.0 1.0 1.0 mshape nan nan
1.851417580748862 1.9506305321299344 1.9700281255262602 eshape 1.0 1.0 1.0 mshape nan nan
1.851435063884082 1.9500060822404155 1.9683869147899629 eshape 1.0 1.0 1.0 mshape nan nan
1.8516033044674178 1.9504477467334866 1.96993009859911 eshape 1.0 1.0 1.0 mshape nan nan
1.85194505785315 1.951028517289927 1.9701980894170497 eshape 1.0 1.0 1.0 mshape nan nan
1.8512748850262346 1.9510283196524738 1.9711203750152226 eshape 1.0 1.0 1.0 mshape nan nan
1.851434960204155 1.9515913380249552 1.9707485189490679 eshape 1.0 1.0 1.0 mshape nan nan
1.8520223253879373 1.9515975186191294 1.9726209572729831 eshape 1.0 1.0 1.0 mshape nan nan
1.8517460037242186 1.951924894962081 1.970349771108738 eshape 1.0 1.0 1.0 mshape nan nan
1.8512558370699301 1.9499292204313394 1.9690310085179232 eshape 1.0 1.0 1.0 mshape nan nan
1.8516188067345465 1.950956667515144 1.9699131234713925 eshape 1.0 1.0 1.0 mshape nan nan
1.8513558296947414 1.9510476755416013 1.9720041303444587 eshape 1.0 1.0 1.0 mshape nan nan
1.852046984051668 1.9508954887902648 1.9692438240867502 eshape 1.0 1.0 1.0 mshape nan nan
1.8516862792236959 1.9503098720359302 1.970779686978453 eshape 1.0 1.0 1.0 mshape nan nan
1.8515875495911094 1.9509539759387304 1.970994788864415 eshape 1.0 1.0 1.0 mshape nan nan
1.851202394738072 1.9503631867740923 1.9691723577437734 eshape 1.0 1.0 1.0 mshape nan nan
1.8523025725943805 1.9513221908286713 1.9708080695667167 eshape 1.0 1.0 1.0 mshape nan nan
1.851660920827479 1.9514543476724548 1.970558265171761 eshape 1.0 1.0 1.0 mshape nan nan
1.851621196582975 1.950593524161352 1.9698435745626237 eshape 1.0 1.0 1.0 mshape nan nan
1.8521972866031815 1.9508987944714478 1.9708397950983894 eshape 1.0 1.0 1.0 mshape nan nan
1.851710063827686 1.950636490003998 1.9690326662667104 eshape 1.0 1.0 1.0 mshape nan nan
1.8518275776156894 1.951021658360889 1.9697449068328892 eshape 1.0 1.0 1.0 mshape nan nan
1.8514864654184837 1.9507408336235676 1.9702858368446563 eshape 1.0 1.0 1.0 mshape nan nan
1.8513361025222272 1.9506929468903664 1.9695571805702317 eshape 1.0 1.0 1.0 mshape nan nan
1.8513457786111496 1.9514103286729099 1.9706845016642707 eshape 1.0 1.0 1.0 mshape nan nan
1.8510876781990822 1.9508077722693664 1.9699797205166933 eshape 1.0 1.0 1.0 mshape nan nan
1.8516089184538773 1.9511611573116 1.970588258124326 eshape 1.0 1.0 1.0 mshape nan nan
1.851777113821756 1.950682048092373 1.9700384337793593 eshape 1.0 1.0 1.0 mshape nan nan
1.851526008601572 1.9508749013853468 1.9703514647568863 eshape 1.0 1.0 1.0 mshape nan nan
1.8513175308520868 1.9503251226622478 1.9706302367381014 eshape 1.0 1.0 1.0 mshape nan nan
1.8515169188966987 1.9516106923374898 1.9703759359778419 eshape 1.0 1.0 1.0 mshape nan nan
1.852332553607225 1.951130231846243 1.9713876903935508 eshape 1.0 1.0 1.0 mshape nan nan
1.8514890708897265 1.9504844445195075 1.969211633255358 eshape 1.0 1.0 1.0 mshape nan nan
1.8517506362646348 1.9515975013419737 1.9720451658368585 eshape 1.0 1.0 1.0 mshape nan nan
1.851859769995164 1.9507744515354286 1.9702944278393724 eshape 1.0 1.0 1.0 mshape nan nan
1.8519583840178462 1.9517852119233807 1.9703047584878648 eshape 1.0 1.0 1.0 mshape nan nan
1.851634476718402 1.951429142731202 1.9710967110111035 eshape 1.0 1.0 1.0 mshape nan nan
1.8518752373836287 1.9513351916874535 1.9702415348452829 eshape 1.0 1.0 1.0 mshape nan nan
1.8524545398936312 1.9525444456173149 1.972830721740705 eshape 1.0 1.0 1.0 mshape nan nan
1.8514497022542924 1.9503330286576297 1.96885768072768 eshape 1.0 1.0 1.0 mshape nan nan
1.8515276716210105 1.9508889819971436 1.9696781195489095 eshape 1.0 1.0 1.0 mshape nan nan
1.8512633026229086 1.9512546084823303 1.971322319313917 eshape 1.0 1.0 1.0 mshape nan nan
1.8516335083620996 1.9505267051799462 1.9686137155343295 eshape 1.0 1.0 1.0 mshape nan nan
1.8514733208762444 1.9508215251857537 1.970437384400171 eshape 1.0 1.0 1.0 mshape nan nan
1.8516335362857645 1.9510609122801634 1.9714691152690669 eshape 1.0 1.0 1.0 mshape nan nan
1.8514969162829327 1.951259222767633 1.9709166804335359 eshape 1.0 1.0 1.0 mshape nan nan
1.851340810788765 1.950571463498752 1.9699292720222057 eshape 1.0 1.0 1.0 mshape nan nan
1.8518085477172572 1.951691100823688 1.9709426247452362 eshape 1.0 1.0 1.0 mshape nan nan
1.8516105420335895 1.9514301816030117 1.9706312196309175 eshape 1.0 1.0 1.0 mshape nan nan
1.8515710875949725 1.9505441548759836 1.9694697678764685 eshape 1.0 1.0 1.0 mshape nan nan
1.8517378416142878 1.95081685884376 1.9711892358490375 eshape 1.0 1.0 1.0 mshape nan nan
1.8513470323137726 1.951030633488014 1.9698441644208686 eshape 1.0 1.0 1.0 mshape nan nan
1.8515895094277965 1.9509079495747974 1.9696696999705887 eshape 1.0 1.0 1.0 mshape nan nan
1.852091138175585 1.951122283425608 1.9689535213891607 eshape 1.0 1.0 1.0 mshape nan nan
1.8516141612273662 1.9508221685086662 1.9690171502408835 eshape 1.0 1.0 1.0 mshape nan nan
1.8520512097999524 1.952070185642934 1.9708909174044613 eshape 1.0 1.0 1.0 mshape nan nan
1.8514013698386191 1.950319720508404 1.969201089078308 eshape 1.0 1.0 1.0 mshape nan nan
1.8521050804236412 1.9516932893012016 1.97099336609339 eshape 1.0 1.0 1.0 mshape nan nan
1.8519447620366218 1.9517776026555425 1.9706080605147813 eshape 1.0 1.0 1.0 mshape nan nan
1.8516266998942634 1.9507489098947626 1.9691284432627074 eshape 1.0 1.0 1.0 mshape nan nan
1.8515275612064332 1.950761943180206 1.9706364209494514 eshape 1.0 1.0 1.0 mshape nan nan
1.8515139485656227 1.9507722438861386 1.9699667037735666 eshape 1.0 1.0 1.0 mshape nan nan
1.8514261033361183 1.9507423467524685 1.969547298003594 eshape 1.0 1.0 1.0 mshape nan nan
1.851817190029242 1.951273953400506 1.971521334791281 eshape 1.0 1.0 1.0 mshape nan nan
1.8513371093875672 1.9505588247116865 1.9680985971984235 eshape 1.0 1.0 1.0 mshape nan nan
1.8511551070088377 1.9499244149160393 1.9699058658417505 eshape 1.0 1.0 1.0 mshape nan nan
1.851459859279271 1.9506566207362706 1.969322011270603 eshape 1.0 1.0 1.0 mshape nan nan
1.8519753881574004 1.9517290527555444 1.97039054001074 eshape 1.0 1.0 1.0 mshape nan nan
1.8520151004319958 1.952753355716711 1.9723135436262456 eshape 1.0 1.0 1.0 mshape nan nan
1.8520090541172194 1.952015589151729 1.9716818487486063 eshape 1.0 1.0 1.0 mshape nan nan
1.8514042254174434 1.9503280784442807 1.9700344954923825 eshape 1.0 1.0 1.0 mshape nan nan
1.8510990519140345 1.9502048478691603 1.9710065023156198 eshape 1.0 1.0 1.0 mshape nan nan
1.851446592140031 1.9504065948997225 1.9700194304537402 eshape 1.0 1.0 1.0 mshape nan nan
1.8522456630457804 1.9519230734773856 1.97178964392868 eshape 1.0 1.0 1.0 mshape nan nan
1.8516133364577503 1.9504307777982446 1.9709496949072398 eshape 1.0 1.0 1.0 mshape nan nan
1.8519103551661245 1.951903657206478 1.9706207454694313 eshape 1.0 1.0 1.0 mshape nan nan
1.8519807453558692 1.9511170501425168 1.9702772066358307 eshape 1.0 1.0 1.0 mshape nan nan
1.8513640219600143 1.951016285508945 1.9707380230090081 eshape 1.0 1.0 1.0 mshape nan nan
1.8518546210404923 1.95127763432453 1.9712351348074282 eshape 1.0 1.0 1.0 mshape nan nan
1.8515273456473405 1.9518831703815063 1.970730457246485 eshape 1.0 1.0 1.0 mshape nan nan
1.8516452905375362 1.9507713141685379 1.9697893565174862 eshape 1.0 1.0 1.0 mshape nan nan
1.8512048699349857 1.9503072854184373 1.969110406845994 eshape 1.0 1.0 1.0 mshape nan nan
1.8514490402489086 1.9509370811948974 1.9701036399366192 eshape 1.0 1.0 1.0 mshape nan nan
1.8516228473264045 1.9506353737815545 1.970546665809093 eshape 1.0 1.0 1.0 mshape nan nan
1.851682123621857 1.9500601821182588 1.9694018878284267 eshape 1.0 1.0 1.0 mshape nan nan
1.851236983283299 1.9503425295325068 1.969807417008586 eshape 1.0 1.0 1.0 mshape nan nan
1.8520084321885184 1.9509188761461365 1.9705897139543105 eshape 1.0 1.0 1.0 mshape nan nan
1.8517487784482751 1.9511357015132882 1.970202299879098 eshape 1.0 1.0 1.0 mshape nan nan
1.8514935675419426 1.9508333430884652 1.9688456457468062 eshape 1.0 1.0 1.0 mshape nan nan
1.8512398540254145 1.9507836190649366 1.9691910805985398 eshape 1.0 1.0 1.0 mshape nan nan
1.8519390924507997 1.9503671597880579 1.9691709264944954 eshape 1.0 1.0 1.0 mshape nan nan
1.8510009016188347 1.9507702111380736 1.9684547049340373 eshape 1.0 1.0 1.0 mshape nan nan
1.8519309740401209 1.9512305919366193 1.9711762559432375 eshape 1.0 1.0 1.0 mshape nan nan
1.851692328365386 1.9509324407464825 1.9706406314526292 eshape 1.0 1.0 1.0 mshape nan nan
1.851486174364891 1.950006588879831 1.96824397580384 eshape 1.0 1.0 1.0 mshape nan nan
1.8515240988405974 1.950709347021749 1.970447700182278 eshape 1.0 1.0 1.0 mshape nan nan
1.8515121444017357 1.9509746445592033 1.969922341570203 eshape 1.0 1.0 1.0 mshape nan nan
1.851788152929424 1.9512450172111526 1.9701547148633478 eshape 1.0 1.0 1.0 mshape nan nan
1.8518355309056522 1.9512195051287677 1.9701555013891277 eshape 1.0 1.0 1.0 mshape nan nan
1.851593984295299 1.9499141392860695 1.9701228738198904 eshape 1.0 1.0 1.0 mshape nan nan
1.8516327062117794 1.9519815324468668 1.9722791345636497 eshape 1.0 1.0 1.0 mshape nan nan
1.8516669636955685 1.9507358324160704 1.9694061414374056 eshape 1.0 1.0 1.0 mshape nan nan
1.851896021791816 1.9512347804812689 1.9691277881834583 eshape 1.0 1.0 1.0 mshape nan nan
1.8518142911323567 1.9502676463612965 1.9689361671527557 eshape 1.0 1.0 1.0 mshape nan nan
1.8517263795567072 1.9502190779129975 1.9705594293291981 eshape 1.0 1.0 1.0 mshape nan nan
1.8514196121113256 1.9509882859981458 1.9693394591820959 eshape 1.0 1.0 1.0 mshape nan nan
1.8515023229802443 1.950047058893501 1.9688694090191703 eshape 1.0 1.0 1.0 mshape nan nan
1.852228065225502 1.9513068825488766 1.9715710758626477 eshape 1.0 1.0 1.0 mshape nan nan
1.851588328253496 1.951268249788117 1.9699472015660788 eshape 1.0 1.0 1.0 mshape nan nan
1.8515115471491082 1.950346515370324 1.9696777118825526 eshape 1.0 1.0 1.0 mshape nan nan
1.8516041750949876 1.9502905237702508 1.9703565777812253 eshape 1.0 1.0 1.0 mshape nan nan
1.8516321887428786 1.9505544033030855 1.9696178916264302 eshape 1.0 1.0 1.0 mshape nan nan
1.851104551774648 1.9505137858052821 1.9692601637042755 eshape 1.0 1.0 1.0 mshape nan nan
1.8519914187158417 1.9512317104338883 1.9696801191779323 eshape 1.0 1.0 1.0 mshape nan nan
1.8515011097318594 1.9503146840987275 1.9700652992957406 eshape 1.0 1.0 1.0 mshape nan nan
1.85168090823853 1.9513750611344733 1.9694984560265403 eshape 1.0 1.0 1.0 mshape nan nan
1.8515091152405632 1.950782087179582 1.9689685357109885 eshape 1.0 1.0 1.0 mshape nan nan
1.8517633163433258 1.9507966887932136 1.9707120668681855 eshape 1.0 1.0 1.0 mshape nan nan
1.8513235752504182 1.9509787710856743 1.969512820032683 eshape 1.0 1.0 1.0 mshape nan nan
1.8518466025166849 1.9508603616926927 1.968982976082856 eshape 1.0 1.0 1.0 mshape nan nan
1.8518505584409852 1.9509266943205261 1.9696109099030361 eshape 1.0 1.0 1.0 mshape nan nan
1.8515915715634166 1.9504542280076482 1.9701216325610214 eshape 1.0 1.0 1.0 mshape nan nan
1.8512979352712846 1.9495198871930177 1.9676342255934876 eshape 1.0 1.0 1.0 mshape nan nan
1.851127697726185 1.9504267228702967 1.9711479536254004 eshape 1.0 1.0 1.0 mshape nan nan
1.8515917932959287 1.950446922780751 1.9695920215018363 eshape 1.0 1.0 1.0 mshape nan nan
1.8513725321453274 1.9505326691460931 1.9698310083803752 eshape 1.0 1.0 1.0 mshape nan nan
1.851513015204123 1.9511767316755029 1.9707879416910272 eshape 1.0 1.0 1.0 mshape nan nan
1.8519082914214515 1.951193238321176 1.9709216924550497 eshape 1.0 1.0 1.0 mshape nan nan
1.8524013345043366 1.9513311184676454 1.9696469228959101 eshape 1.0 1.0 1.0 mshape nan nan
1.8512314576642452 1.950481704356474 1.9696175100900717 eshape 1.0 1.0 1.0 mshape nan nan
1.8515109989152 1.9512049792044535 1.9701871412825733 eshape 1.0 1.0 1.0 mshape nan nan
1.8514016266403817 1.9502861733275314 1.9712282830118717 eshape 1.0 1.0 1.0 mshape nan nan
1.8513720531036264 1.95026940284618 1.9693475748922138 eshape 1.0 1.0 1.0 mshape nan nan
1.8517034969971085 1.9510997697767993 1.9719206958379563 eshape 1.0 1.0 1.0 mshape nan nan
1.8519251385860391 1.9509864169173534 1.9701299527615275 eshape 1.0 1.0 1.0 mshape nan nan
1.8512103990574553 1.9503986352536853 1.9693734999094543 eshape 1.0 1.0 1.0 mshape nan nan
1.8519623330196073 1.9511773894424482 1.9698510716628204 eshape 1.0 1.0 1.0 mshape nan nan
1.8513329779262082 1.9509335759678605 1.9712022519291732 eshape 1.0 1.0 1.0 mshape nan nan
1.8515022091204836 1.9511275709018248 1.969483514531493 eshape 1.0 1.0 1.0 mshape nan nan
1.851427850398288 1.9510271610671044 1.968762004174693 eshape 1.0 1.0 1.0 mshape nan nan
1.8518404058668496 1.9514078239921613 1.9705007655427833 eshape 1.0 1.0 1.0 mshape nan nan
1.8512282050275433 1.9498629350703278 1.969095016735652 eshape 1.0 1.0 1.0 mshape nan nan
1.8516094282982016 1.9512052463784237 1.9703403268100281 eshape 1.0 1.0 1.0 mshape nan nan
1.852086647621779 1.9512989589738472 1.9699251756306644 eshape 1.0 1.0 1.0 mshape nan nan
1.8516753493860127 1.9506463129146847 1.9690546939736984 eshape 1.0 1.0 1.0 mshape nan nan
1.8515324615645283 1.950287251033586 1.968073756283948 eshape 1.0 1.0 1.0 mshape nan nan
1.8513673396895534 1.9506881446338837 1.9693682838910749 eshape 1.0 1.0 1.0 mshape nan nan
1.8517906420897523 1.951850562086918 1.97284224289017 eshape 1.0 1.0 1.0 mshape nan nan
1.8519535817083934 1.9515704096730768 1.9697989667888889 eshape 1.0 1.0 1.0 mshape nan nan
1.8514130960571744 1.9503841147185335 1.9694621331364328 eshape 1.0 1.0 1.0 mshape nan nan
1.8513276486359638 1.950189812002831 1.9700080899923704 eshape 1.0 1.0 1.0 mshape nan nan
1.8513623671026178 1.9506489101143687 1.9703148813328144 eshape 1.0 1.0 1.0 mshape nan nan
1.8516158851468782 1.951161015844464 1.9696006024289614 eshape 1.0 1.0 1.0 mshape nan nan
1.8517261955706241 1.950381832598647 1.9686604515788804 eshape 1.0 1.0 1.0 mshape nan nan
1.8517702921168064 1.950893228319802 1.9696010129206345 eshape 1.0 1.0 1.0 mshape nan nan
1.851273968585525 1.9506151399755236 1.9702624543986857 eshape 1.0 1.0 1.0 mshape nan nan
1.8517474819307442 1.9507580884696945 1.970795453499806 eshape 1.0 1.0 1.0 mshape nan nan
1.8513791723306183 1.9506149328404445 1.9698739377379793 eshape 1.0 1.0 1.0 mshape nan nan
1.8518212291812715 1.9513535185669828 1.9697545107299013 eshape 1.0 1.0 1.0 mshape nan nan
1.8511332595988876 1.9508504502669202 1.9703494529304915 eshape 1.0 1.0 1.0 mshape nan nan
1.852324402855812 1.951145708715118 1.9712189600394938 eshape 1.0 1.0 1.0 mshape nan nan
1.851608003732791 1.9507901322136865 1.9698292187869675 eshape 1.0 1.0 1.0 mshape nan nan
1.8515846995469936 1.9506738107012906 1.9709043946652525 eshape 1.0 1.0 1.0 mshape nan nan
1.8522489126435338 1.9516730192262732 1.968471367208811 eshape 1.0 1.0 1.0 mshape nan nan
1.851612335245877 1.9510061237260623 1.9696534156162409 eshape 1.0 1.0 1.0 mshape nan nan
1.8518401897527674 1.9504565803605491 1.9718408774251734 eshape 1.0 1.0 1.0 mshape nan nan
1.8522139968738343 1.9519087035291895 1.9704928530061283 eshape 1.0 1.0 1.0 mshape nan nan
1.8519297459176713 1.9508847318881744 1.9707897978987778 eshape 1.0 1.0 1.0 mshape nan nan
1.851714139090698 1.9508519646971683 1.970581132916847 eshape 1.0 1.0 1.0 mshape nan nan
1.851222686873413 1.950685744454572 1.9685683829848137 eshape 1.0 1.0 1.0 mshape nan nan
1.8513787402733708 1.9505307782820518 1.9698967857770948 eshape 1.0 1.0 1.0 mshape nan nan
1.8514860855399742 1.9501582390855925 1.9706619422951221 eshape 1.0 1.0 1.0 mshape nan nan
1.8513940401661384 1.9509453420997667 1.9697180476263652 eshape 1.0 1.0 1.0 mshape nan nan
1.851116148121119 1.9500992485137307 1.969799197737812 eshape 1.0 1.0 1.0 mshape nan nan
1.8516865262051652 1.9514489226960765 1.9686486268620933 eshape 1.0 1.0 1.0 mshape nan nan
1.8510104760337378 1.950730068188886 1.9700796227741353 eshape 1.0 1.0 1.0 mshape nan nan
1.8512306279150414 1.9505426955144034 1.9695816109940139 eshape 1.0 1.0 1.0 mshape nan nan
1.851699556473193 1.9511200991627935 1.9698352905440608 eshape 1.0 1.0 1.0 mshape nan nan
1.8512493602982496 1.9506563562342243 1.969144008232852 eshape 1.0 1.0 1.0 mshape nan nan
1.8516997404768547 1.950821527124115 1.9705839632070479 eshape 1.0 1.0 1.0 mshape nan nan
1.8512643341608626 1.9508806099821512 1.9694678656140232 eshape 1.0 1.0 1.0 mshape nan nan
1.8517502829445274 1.9509445659417295 1.9698703448588473 eshape 1.0 1.0 1.0 mshape nan nan
1.8516833830323631 1.9505269947429622 1.9698450995275003 eshape 1.0 1.0 1.0 mshape nan nan
1.8516012512009008 1.9512274032354715 1.9715149212269782 eshape 1.0 1.0 1.0 mshape nan nan
1.8515435815789338 1.9509151100175348 1.9706581236218736 eshape 1.0 1.0 1.0 mshape nan nan
1.8516901067810894 1.9501517395556267 1.9691156429167957 eshape 1.0 1.0 1.0 mshape nan nan
1.850968158218825 1.9500758020236308 1.968151751008709 eshape 1.0 1.0 1.0 mshape nan nan
1.8514187177900348 1.9505201818519942 1.9707230681811942 eshape 1.0 1.0 1.0 mshape nan nan
1.851417033776453 1.9498896549384563 1.969440329782783 eshape 1.0 1.0 1.0 mshape nan nan
1.8510227547640425 1.9505117272116574 1.9693613918384678 eshape 1.0 1.0 1.0 mshape nan nan
1.8511193318614303 1.9505625383891976 1.9686010638288 eshape 1.0 1.0 1.0 mshape nan nan
1.8514716843364485 1.9516821992052193 1.970804724500847 eshape 1.0 1.0 1.0 mshape nan nan
1.85140371633233 1.9505690135155778 1.9706560477396087 eshape 1.0 1.0 1.0 mshape nan nan
1.8521259080207193 1.9502434680283196 1.9695187209704366 eshape 1.0 1.0 1.0 mshape nan nan
1.8515278648423232 1.9494736382950473 1.9679626576879095 eshape 1.0 1.0 1.0 mshape nan nan
1.8508910401804237 1.9497705366849705 1.969691638830367 eshape 1.0 1.0 1.0 mshape nan nan
1.851406327906881 1.9510582099665923 1.9709064252878659 eshape 1.0 1.0 1.0 mshape nan nan
1.8515158545221222 1.9514046051504808 1.9705965844039612 eshape 1.0 1.0 1.0 mshape nan nan
1.8518998603625123 1.9516002697017492 1.9703160486800448 eshape 1.0 1.0 1.0 mshape nan nan
1.8516215125988973 1.951415155801667 1.9704959853382675 eshape 1.0 1.0 1.0 mshape nan nan
1.8516286681298453 1.9503680644910721 1.9692711485604582 eshape 1.0 1.0 1.0 mshape nan nan
1.8515487485292386 1.951052899493221 1.9699620270205156 eshape 1.0 1.0 1.0 mshape nan nan
1.851818541614639 1.950252911452396 1.9689611300884382 eshape 1.0 1.0 1.0 mshape nan nan
1.8514041308719216 1.950718145479705 1.9696211433070006 eshape 1.0 1.0 1.0 mshape nan nan
1.852059915855068 1.9519286476144042 1.971913026237398 eshape 1.0 1.0 1.0 mshape nan nan
1.8513180970088396 1.9509825556677034 1.970991497335533 eshape 1.0 1.0 1.0 mshape nan nan
1.8517940749756707 1.9507833082604356 1.9710810199691888 eshape 1.0 1.0 1.0 mshape nan nan
1.8518859777921146 1.9508305320593702 1.9695446735333406 eshape 1.0 1.0 1.0 mshape nan nan
1.8516455527053202 1.951175497242173 1.969383825684013 eshape 1.0 1.0 1.0 mshape nan nan
1.8517585361915778 1.950468634382729 1.9702358212400881 eshape 1.0 1.0 1.0 mshape nan nan
1.8515569321409027 1.9503811723886968 1.9696907122081757 eshape 1.0 1.0 1.0 mshape nan nan
1.8516427556077935 1.9504973539588808 1.9697432285544816 eshape 1.0 1.0 1.0 mshape nan nan
1.851838675911317 1.9509331901410762 1.9705615927647828 eshape 1.0 1.0 1.0 mshape nan nan
1.8517720395107973 1.9505368140060604 1.9693480557556222 eshape 1.0 1.0 1.0 mshape nan nan
1.8517213396223282 1.950926053421796 1.9697116601663107 eshape 1.0 1.0 1.0 mshape nan nan
1.8512007047921535 1.9507237879290846 1.9696506462448955 eshape 1.0 1.0 1.0 mshape nan nan
1.8510075154423296 1.949925959307691 1.9696096197328379 eshape 1.0 1.0 1.0 mshape nan nan
1.8515693710043521 1.9506113585237848 1.96831613667916 eshape 1.0 1.0 1.0 mshape nan nan
1.851349031330378 1.9502396073897004 1.968716358625529 eshape 1.0 1.0 1.0 mshape nan nan
1.8519016837492168 1.9511791911191714 1.9695689539442256 eshape 1.0 1.0 1.0 mshape nan nan
1.8515484510099072 1.9507704108261175 1.9700594472117723 eshape 1.0 1.0 1.0 mshape nan nan
1.851900537650416 1.9509384056225545 1.9698305658263255 eshape 1.0 1.0 1.0 mshape nan nan
1.8514244568789489 1.950468168846006 1.969134536927668 eshape 1.0 1.0 1.0 mshape nan nan
1.851916392423829 1.9506309161988635 1.968439325681286 eshape 1.0 1.0 1.0 mshape nan nan
1.8514799793631325 1.9501884066631645 1.9694065466091901 eshape 1.0 1.0 1.0 mshape nan nan
1.8519259604381304 1.950748481500213 1.9702857517460584 eshape 1.0 1.0 1.0 mshape nan nan
1.851392752647685 1.9510182113723389 1.969239645639118 eshape 1.0 1.0 1.0 mshape nan nan
1.8515291681185262 1.9511315652168215 1.9694959320229497 eshape 1.0 1.0 1.0 mshape nan nan
1.8515028220023098 1.9503521213436592 1.9709596034114147 eshape 1.0 1.0 1.0 mshape nan nan
1.8512775536172195 1.95062228754279 1.9684026939287944 eshape 1.0 1.0 1.0 mshape nan nan
1.851707617453297 1.9511478026990094 1.9701981746298742 eshape 1.0 1.0 1.0 mshape nan nan
1.851375849158595 1.9506531275862136 1.9694587573465983 eshape 1.0 1.0 1.0 mshape nan nan
1.8515714534095242 1.9507680635106175 1.9695519717472227 eshape 1.0 1.0 1.0 mshape nan nan
1.851747450921551 1.9509468435197057 1.9696001877036866 eshape 1.0 1.0 1.0 mshape nan nan
1.851665869482097 1.9506289747668135 1.9707170885506478 eshape 1.0 1.0 1.0 mshape nan nan
1.851585486089854 1.9504937359075691 1.9698487356953898 eshape 1.0 1.0 1.0 mshape nan nan
1.851319872320248 1.9511513837863634 1.969902795356767 eshape 1.0 1.0 1.0 mshape nan nan
1.8511476681031263 1.9500463308839322 1.9698610520548145 eshape 1.0 1.0 1.0 mshape nan nan
1.85193008326222 1.9507388880051026 1.9681966866604075 eshape 1.0 1.0 1.0 mshape nan nan
1.8515116468085007 1.9506774882083193 1.9695874890922183 eshape 1.0 1.0 1.0 mshape nan nan
1.8519020392763956 1.9509236671714387 1.9690883159807167 eshape 1.0 1.0 1.0 mshape nan nan
1.8516482106815153 1.950746935657862 1.9695822947971964 eshape 1.0 1.0 1.0 mshape nan nan
1.8515907121790407 1.9511849344053542 1.9698389253963418 eshape 1.0 1.0 1.0 mshape nan nan
1.8517524110305312 1.9510222891024354 1.9693631277015506 eshape 1.0 1.0 1.0 mshape nan nan
1.8517504745454625 1.950437828693698 1.969945618356841 eshape 1.0 1.0 1.0 mshape nan nan
1.8512907385199064 1.950220517323122 1.9688494484691945 eshape 1.0 1.0 1.0 mshape nan nan
1.8518512737021249 1.9505394839581 1.9705911412107444 eshape 1.0 1.0 1.0 mshape nan nan
1.8510353150581038 1.9501540634592862 1.9693267949834636 eshape 1.0 1.0 1.0 mshape nan nan
1.8515391208487288 1.950615883497694 1.9694446055520105 eshape 1.0 1.0 1.0 mshape nan nan
1.8514532150147787 1.9507026590346883 1.9693475466023445 eshape 1.0 1.0 1.0 mshape nan nan
1.8517082468261206 1.9512057306851958 1.9692539788867465 eshape 1.0 1.0 1.0 mshape nan nan
1.8508786752101969 1.9503314770210856 1.9709629722803135 eshape 1.0 1.0 1.0 mshape nan nan
1.8518401402774523 1.950716233654916 1.9693573864341063 eshape 1.0 1.0 1.0 mshape nan nan
1.8517773936385702 1.9509735738120337 1.969121786706916 eshape 1.0 1.0 1.0 mshape nan nan
1.8514502275978117 1.9506190278498678 1.9700203399233012 eshape 1.0 1.0 1.0 mshape nan nan
1.8513927427126227 1.9507011480995151 1.9689341729170644 eshape 1.0 1.0 1.0 mshape nan nan
1.8513589452902113 1.9502981721794084 1.9688714011194113 eshape 1.0 1.0 1.0 mshape nan nan
1.8512129860799689 1.9506708416179181 1.96974887187525 eshape 1.0 1.0 1.0 mshape nan nan
1.8517934860821914 1.9511374961762433 1.971145783590998 eshape 1.0 1.0 1.0 mshape nan nan
1.8515941298075547 1.951227983952958 1.9708136608174482 eshape 1.0 1.0 1.0 mshape nan nan
1.8514409782166792 1.9503181537661445 1.9693556377606216 eshape 1.0 1.0 1.0 mshape nan nan
1.85167394093569 1.9507042484139212 1.9704587248742902 eshape 1.0 1.0 1.0 mshape nan nan
1.8515608692327152 1.9501698245117354 1.9694134676304074 eshape 1.0 1.0 1.0 mshape nan nan
1.8512536694968467 1.9511989767169957 1.9709673023009693 eshape 1.0 1.0 1.0 mshape nan nan
1.8514628729216944 1.9507578765667095 1.9693618718010304 eshape 1.0 1.0 1.0 mshape nan nan
1.8512068508469433 1.9509835093608197 1.9696173109409356 eshape 1.0 1.0 1.0 mshape nan nan
1.8520970682584323 1.9515317444895857 1.969714640101821 eshape 1.0 1.0 1.0 mshape nan nan
1.8514949606457811 1.9509195575140859 1.9696346357552423 eshape 1.0 1.0 1.0 mshape nan nan
1.8512182684574718 1.9498733775910524 1.969789651581721 eshape 1.0 1.0 1.0 mshape nan nan
1.8511872593361864 1.9506945578706032 1.9700836816090415 eshape 1.0 1.0 1.0 mshape nan nan
1.8519975688039636 1.950666281453898 1.9686024151716552 eshape 1.0 1.0 1.0 mshape nan nan
1.851567843404514 1.9521571010780103 1.9725710665994332 eshape 1.0 1.0 1.0 mshape nan nan
1.8513746823571884 1.9498001779548093 1.9693170407238172 eshape 1.0 1.0 1.0 mshape nan nan
1.8515168126040347 1.9499859398313903 1.9690287449977095 eshape 1.0 1.0 1.0 mshape nan nan
1.851872067450903 1.951193927979461 1.9708147380049938 eshape 1.0 1.0 1.0 mshape nan nan
1.8511993140747287 1.951116650349137 1.969142386247135 eshape 1.0 1.0 1.0 mshape nan nan
1.8507914561500938 1.9503081200757748 1.9692730904605946 eshape 1.0 1.0 1.0 mshape nan nan
1.8518326945055157 1.951321892202651 1.9700407913524838 eshape 1.0 1.0 1.0 mshape nan nan
1.8513497894135464 1.95054742726344 1.9684372128613898 eshape 1.0 1.0 1.0 mshape nan nan
1.8516727965211515 1.950924168623252 1.9702239019630674 eshape 1.0 1.0 1.0 mshape nan nan
1.851681794382701 1.9511852287639782 1.971206755701127 eshape 1.0 1.0 1.0 mshape nan nan
1.8514250581079728 1.9507331101092815 1.969342689485812 eshape 1.0 1.0 1.0 mshape nan nan
1.8515230164515015 1.9505509767032563 1.9691116349207096 eshape 1.0 1.0 1.0 mshape nan nan
1.8509365976387762 1.9487772694503036 1.967586989915776 eshape 1.0 1.0 1.0 mshape nan nan
1.8522476640039485 1.9510120528096784 1.9712153651080178 eshape 1.0 1.0 1.0 mshape nan nan
1.8512402363665803 1.9507678762611342 1.9708309116199214 eshape 1.0 1.0 1.0 mshape nan nan
1.8519241112588218 1.9504977087674022 1.9703277182076342 eshape 1.0 1.0 1.0 mshape nan nan
1.8513773695023366 1.9496225015766013 1.969476730398902 eshape 1.0 1.0 1.0 mshape nan nan
1.8511336006614791 1.9496455125556906 1.9686251627448768 eshape 1.0 1.0 1.0 mshape nan nan
1.8513142512357916 1.9511567978860764 1.9689666093258449 eshape 1.0 1.0 1.0 mshape nan nan
1.8520699521091966 1.9513780724039498 1.9700967351612164 eshape 1.0 1.0 1.0 mshape nan nan
1.8511399146526837 1.9503965628934483 1.969031657331254 eshape 1.0 1.0 1.0 mshape nan nan
1.8520999720089037 1.950557438477193 1.9696470643210982 eshape 1.0 1.0 1.0 mshape nan nan
1.8511825896975767 1.9504952377143563 1.9689896093475552 eshape 1.0 1.0 1.0 mshape nan nan
1.8514518143581808 1.949730532959235 1.9691530368001229 eshape 1.0 1.0 1.0 mshape nan nan
1.8516600119424123 1.9505629778722504 1.9694600117372099 eshape 1.0 1.0 1.0 mshape nan nan
1.8518469377825826 1.9506848884578514 1.9694628741676805 eshape 1.0 1.0 1.0 mshape nan nan
1.8514539437996085 1.9506098099407314 1.9695281191420289 eshape 1.0 1.0 1.0 mshape nan nan
1.8514296442481728 1.9508358100036627 1.9690010443827992 eshape 1.0 1.0 1.0 mshape nan nan
1.8516409944758239 1.9503382628578523 1.968790113589565 eshape 1.0 1.0 1.0 mshape nan nan
1.8514350099341308 1.9502171392825043 1.9701330122561118 eshape 1.0 1.0 1.0 mshape nan nan
1.8515447886970873 1.9511519064380374 1.970008754111065 eshape 1.0 1.0 1.0 mshape nan nan
1.851110882296741 1.9505044392339608 1.9697044546182099 eshape 1.0 1.0 1.0 mshape nan nan
1.8507593438596994 1.9507126332740032 1.9690467680804735 eshape 1.0 1.0 1.0 mshape nan nan
1.8516658955361056 1.9504086756688663 1.9686256586896702 eshape 1.0 1.0 1.0 mshape nan nan
1.851654231182799 1.9509797116837735 1.9699980227018226 eshape 1.0 1.0 1.0 mshape nan nan
1.8514725686230387 1.9507609793076108 1.9687614914726537 eshape 1.0 1.0 1.0 mshape nan nan
1.8510647249828465 1.9500646584886683 1.9682285824307415 eshape 1.0 1.0 1.0 mshape nan nan
1.8518247792289362 1.9510824283686536 1.9714157886188288 eshape 1.0 1.0 1.0 mshape nan nan
1.8514528272411577 1.9504054947563716 1.9689048422338709 eshape 1.0 1.0 1.0 mshape nan nan
1.8514754900721222 1.9511362227061235 1.9699682179027458 eshape 1.0 1.0 1.0 mshape nan nan
1.851199121626652 1.9501975679192252 1.968267572215232 eshape 1.0 1.0 1.0 mshape nan nan
1.8517494155565144 1.9511214721215193 1.9693920374454912 eshape 1.0 1.0 1.0 mshape nan nan
1.851377301958634 1.9504378587680666 1.9697327252440684 eshape 1.0 1.0 1.0 mshape nan nan
1.851763497055518 1.9509824689249866 1.9695740421579302 eshape 1.0 1.0 1.0 mshape nan nan
1.8516024405429365 1.9502582222675786 1.969264681043709 eshape 1.0 1.0 1.0 mshape nan nan
1.8512238780126118 1.9502501001495098 1.968597647962498 eshape 1.0 1.0 1.0 mshape nan nan
1.8518322908043603 1.9510217240484464 1.9698925751327183 eshape 1.0 1.0 1.0 mshape nan nan
1.8518273450774192 1.9510372375667633 1.9696719785610939 eshape 1.0 1.0 1.0 mshape nan nan
1.8515204368035614 1.950542907332792 1.9702305835708438 eshape 1.0 1.0 1.0 mshape nan nan
1.8514907288928195 1.9505640761050838 1.9699768616305346 eshape 1.0 1.0 1.0 mshape nan nan
1.8513126534846382 1.951812338195268 1.9707604913809904 eshape 1.0 1.0 1.0 mshape nan nan
1.8517810203902314 1.951405183011904 1.9691759174149346 eshape 1.0 1.0 1.0 mshape nan nan
1.8513683521015623 1.9510448367549578 1.9688772492791538 eshape 1.0 1.0 1.0 mshape nan nan
1.851703861065803 1.9513419851791907 1.9698413287352314 eshape 1.0 1.0 1.0 mshape nan nan
1.8511695331739906 1.9497866402551247 1.9701914149460098 eshape 1.0 1.0 1.0 mshape nan nan
1.8513204291680503 1.9501738916401135 1.9691094691111506 eshape 1.0 1.0 1.0 mshape nan nan
1.8516644880131767 1.950585488791026 1.9693295375609525 eshape 1.0 1.0 1.0 mshape nan nan
1.851402013844788 1.9502937419325688 1.9698535428027908 eshape 1.0 1.0 1.0 mshape nan nan
1.851866457519979 1.950086802143412 1.9703163755070783 eshape 1.0 1.0 1.0 mshape nan nan
1.8513791079592612 1.9497306019140201 1.969338864518348 eshape 1.0 1.0 1.0 mshape nan nan
1.8513618991886063 1.9507407949133844 1.969365610618024 eshape 1.0 1.0 1.0 mshape nan nan
1.8512550834705555 1.9499343327878782 1.969436772229069 eshape 1.0 1.0 1.0 mshape nan nan
1.8518591164500955 1.9505651705794964 1.9682463378048172 eshape 1.0 1.0 1.0 mshape nan nan
1.851653563206841 1.9512897074384048 1.969370782168253 eshape 1.0 1.0 1.0 mshape nan nan
1.8517921669866804 1.9510174049306523 1.9703380582105776 eshape 1.0 1.0 1.0 mshape nan nan
1.8509249754140964 1.9510680563530245 1.9697871066291797 eshape 1.0 1.0 1.0 mshape nan nan
1.8513865288733167 1.9500668397526726 1.9689093200027399 eshape 1.0 1.0 1.0 mshape nan nan
1.8519573099350348 1.951040328394091 1.970579005099697 eshape 1.0 1.0 1.0 mshape nan nan
1.8517737502426685 1.9512986834088977 1.9697561930832914 eshape 1.0 1.0 1.0 mshape nan nan
1.8515619641154006 1.9499366330031105 1.9689885724015748 eshape 1.0 1.0 1.0 mshape nan nan
1.8515899831681266 1.9509557981695216 1.9713599169480647 eshape 1.0 1.0 1.0 mshape nan nan
1.8516645695645566 1.951357275690984 1.9702718751547779 eshape 1.0 1.0 1.0 mshape nan nan
1.851796649741882 1.950863503137324 1.9686002644662621 eshape 1.0 1.0 1.0 mshape nan nan
1.8520886818659883 1.9518461282267248 1.970137153912499 eshape 1.0 1.0 1.0 mshape nan nan
1.8515636789889087 1.9508477869993683 1.9711779606277358 eshape 1.0 1.0 1.0 mshape nan nan
1.8518662092773677 1.9514670430887209 1.9710890674302861 eshape 1.0 1.0 1.0 mshape nan nan
1.851643613050695 1.9514251333129486 1.9695909726402585 eshape 1.0 1.0 1.0 mshape nan nan
1.8508134969218928 1.9499345820467089 1.9667712301056337 eshape 1.0 1.0 1.0 mshape nan nan
1.8516187691419372 1.9502794044972955 1.968652445197048 eshape 1.0 1.0 1.0 mshape nan nan
1.851756840942434 1.9508800965973296 1.9692289312625102 eshape 1.0 1.0 1.0 mshape nan nan
1.8517607421219853 1.9514784465071437 1.970347996976465 eshape 1.0 1.0 1.0 mshape nan nan
1.851509772649092 1.9505131769944861 1.9689799106904422 eshape 1.0 1.0 1.0 mshape nan nan
1.8521193093029598 1.9500765962922912 1.9697891815228084 eshape 1.0 1.0 1.0 mshape nan nan
1.851297818345136 1.95034553566988 1.9695959834993406 eshape 1.0 1.0 1.0 mshape nan nan
1.8520969561777445 1.9513815235957035 1.9703034013916363 eshape 1.0 1.0 1.0 mshape nan nan
1.851324713667532 1.9511018375848885 1.9702951362222385 eshape 1.0 1.0 1.0 mshape nan nan
1.8517882776455303 1.9510035005113204 1.9701779178799146 eshape 1.0 1.0 1.0 mshape nan nan
1.8518391193816042 1.9513448258021155 1.970369457483306 eshape 1.0 1.0 1.0 mshape nan nan
1.8515658973886733 1.950975868389589 1.970074463246879 eshape 1.0 1.0 1.0 mshape nan nan
1.8517457029288016 1.9512763977259169 1.9696387781169138 eshape 1.0 1.0 1.0 mshape nan nan
1.8510346879321415 1.949927351044007 1.9699482889012307 eshape 1.0 1.0 1.0 mshape nan nan
1.8514149505597572 1.950335042703631 1.9696159613388204 eshape 1.0 1.0 1.0 mshape nan nan
1.8517591938788693 1.9510815415984477 1.9694004014737694 eshape 1.0 1.0 1.0 mshape nan nan
1.851323994840837 1.9498684957631631 1.9691621561463724 eshape 1.0 1.0 1.0 mshape nan nan
1.8514544080722755 1.9505408084232063 1.9691067691023154 eshape 1.0 1.0 1.0 mshape nan nan
1.8512404993500817 1.9497721050688372 1.9695789958133099 eshape 1.0 1.0 1.0 mshape nan nan
1.8514637517915538 1.950062090712571 1.969834813386079 eshape 1.0 1.0 1.0 mshape nan nan
1.851204104077563 1.9506794698801344 1.9690818586649583 eshape 1.0 1.0 1.0 mshape nan nan
1.8519103377357071 1.9510249417398915 1.9700952135996295 eshape 1.0 1.0 1.0 mshape nan nan
1.8515695748450036 1.9496648301079689 1.9685401574902368 eshape 1.0 1.0 1.0 mshape nan nan
1.8515952843436978 1.9507405713537305 1.969983675372259 eshape 1.0 1.0 1.0 mshape nan nan
1.8515266665241974 1.9508918119511232 1.969253223120716 eshape 1.0 1.0 1.0 mshape nan nan
1.851817089169426 1.9511568485275026 1.969254494018384 eshape 1.0 1.0 1.0 mshape nan nan
1.8513099686448362 1.9499730767117174 1.9693107108261345 eshape 1.0 1.0 1.0 mshape nan nan
1.8516566175130378 1.950527477861489 1.970927568535613 eshape 1.0 1.0 1.0 mshape nan nan
1.8517458934355102 1.950881672700332 1.9695998858610435 eshape 1.0 1.0 1.0 mshape nan nan
1.8516224494495317 1.9506689288101886 1.9690754349498425 eshape 1.0 1.0 1.0 mshape nan nan
1.8514034794803886 1.9499476040470856 1.9694368830025992 eshape 1.0 1.0 1.0 mshape nan nan
1.8513753032726368 1.951299465977495 1.9707847760289927 eshape 1.0 1.0 1.0 mshape nan nan
1.8517307784358397 1.9505440845623736 1.9689605191024353 eshape 1.0 1.0 1.0 mshape nan nan
1.8520899166293916 1.9519503300405776 1.9695417588944404 eshape 1.0 1.0 1.0 mshape nan nan
1.8514690491611905 1.9504174552046625 1.9699150428005934 eshape 1.0 1.0 1.0 mshape nan nan
1.8516124061538868 1.950395986757903 1.969516758006674 eshape 1.0 1.0 1.0 mshape nan nan
1.8514594485733704 1.9499283021085145 1.969024839918073 eshape 1.0 1.0 1.0 mshape nan nan
1.8518111932476655 1.950089311729679 1.9689101114678156 eshape 1.0 1.0 1.0 mshape nan nan
1.8512313159077283 1.9499876536710745 1.9687964828317397 eshape 1.0 1.0 1.0 mshape nan nan
1.8513121376438235 1.9500657320925088 1.9704106191439859 eshape 1.0 1.0 1.0 mshape nan nan
1.8511167244011122 1.9502034877522343 1.9681045057447748 eshape 1.0 1.0 1.0 mshape nan nan
1.8512847157690755 1.9510012254238114 1.9687662512983324 eshape 1.0 1.0 1.0 mshape nan nan
1.8517627078387497 1.9518963265279863 1.9704772234148609 eshape 1.0 1.0 1.0 mshape nan nan
1.8513143099172447 1.9499536393711572 1.9684547198253086 eshape 1.0 1.0 1.0 mshape nan nan
1.8515901771899046 1.9500193527065353 1.9688447746728064 eshape 1.0 1.0 1.0 mshape nan nan
1.8513929881268651 1.950241973771053 1.9675932767956856 eshape 1.0 1.0 1.0 mshape nan nan
1.8520218199784335 1.9497893115548157 1.9696556921568966 eshape 1.0 1.0 1.0 mshape nan nan
1.8513290628939363 1.9510241662404741 1.9701779237749264 eshape 1.0 1.0 1.0 mshape nan nan
1.8518122413289864 1.9507855738414777 1.9692749754176604 eshape 1.0 1.0 1.0 mshape nan nan
1.8513952709424106 1.9504904417937015 1.9687047963092625 eshape 1.0 1.0 1.0 mshape nan nan
1.8508775037707013 1.9502509270262152 1.9696950704365446 eshape 1.0 1.0 1.0 mshape nan nan
1.8510699220989284 1.950479352953793 1.9685201390961369 eshape 1.0 1.0 1.0 mshape nan nan
1.8513256790214672 1.9506985486582067 1.9698017389698173 eshape 1.0 1.0 1.0 mshape nan nan
1.8512056258064542 1.9501502609509838 1.9687002335637502 eshape 1.0 1.0 1.0 mshape nan nan
1.8514479686033518 1.9503530346288422 1.9690186398066725 eshape 1.0 1.0 1.0 mshape nan nan
1.8518008742753111 1.9503342413866627 1.970296603331139 eshape 1.0 1.0 1.0 mshape nan nan
1.8514436567565078 1.9508042776021082 1.9691885848414445 eshape 1.0 1.0 1.0 mshape nan nan
1.8517293974676052 1.9493187826679907 1.969427421278029 eshape 1.0 1.0 1.0 mshape nan nan
1.8511947047178245 1.9500198355409366 1.9689715282157902 eshape 1.0 1.0 1.0 mshape nan nan
1.8515771645936923 1.9509429356888486 1.9706404657799241 eshape 1.0 1.0 1.0 mshape nan nan
1.8514643231619416 1.9499151731036808 1.96980785587952 eshape 1.0 1.0 1.0 mshape nan nan
1.8517052839340942 1.95098050467363 1.9701261650099802 eshape 1.0 1.0 1.0 mshape nan nan
1.851415171168196 1.9503573079002474 1.9683164705454066 eshape 1.0 1.0 1.0 mshape nan nan
1.8513308277269533 1.9496516213069273 1.9682996585222576 eshape 1.0 1.0 1.0 mshape nan nan
1.851340254619323 1.948673138015336 1.968164824518314 eshape 1.0 1.0 1.0 mshape nan nan
1.8517865530410313 1.9506892450532503 1.970340885895607 eshape 1.0 1.0 1.0 mshape nan nan
1.8504932898811126 1.9493695631445604 1.9690341022262414 eshape 1.0 1.0 1.0 mshape nan nan
1.8517468818310576 1.951225467443341 1.968708918758844 eshape 1.0 1.0 1.0 mshape nan nan
1.852025123368945 1.9509141739991414 1.9705272548342394 eshape 1.0 1.0 1.0 mshape nan nan
1.8516562826335745 1.9505514995807072 1.9706606989226514 eshape 1.0 1.0 1.0 mshape nan nan
1.851751936083728 1.9510772141385926 1.9693792202301164 eshape 1.0 1.0 1.0 mshape nan nan
1.8515692028299842 1.9501752258383669 1.9687997150420287 eshape 1.0 1.0 1.0 mshape nan nan
1.8513884078318419 1.94970852738511 1.968633954920097 eshape 1.0 1.0 1.0 mshape nan nan
1.8510504003376125 1.9498290551730868 1.9695002520281326 eshape 1.0 1.0 1.0 mshape nan nan
1.8517001909907747 1.9501573463026678 1.9683800690293451 eshape 1.0 1.0 1.0 mshape nan nan
1.8516832975258248 1.9496117440173424 1.9705112295436489 eshape 1.0 1.0 1.0 mshape nan nan
1.8514204332507964 1.9504528439719782 1.9687938973822947 eshape 1.0 1.0 1.0 mshape nan nan
1.8516930125499873 1.9509940413727218 1.9695636368345912 eshape 1.0 1.0 1.0 mshape nan nan
1.8516945504793294 1.9501940126809554 1.9690264752930013 eshape 1.0 1.0 1.0 mshape nan nan
1.8518154535662277 1.9508660876405388 1.9693389468716356 eshape 1.0 1.0 1.0 mshape nan nan
1.8515891345412903 1.9515914061975255 1.969576361293066 eshape 1.0 1.0 1.0 mshape nan nan
1.8516259677528544 1.94976213967945 1.967505469460383 eshape 1.0 1.0 1.0 mshape nan nan
1.8509171306982084 1.9487533606660785 1.9671300580018065 eshape 1.0 1.0 1.0 mshape nan nan
1.851924778668206 1.9514599402073582 1.9698277005812688 eshape 1.0 1.0 1.0 mshape nan nan
1.851104431668395 1.9502670191436966 1.9692346093275748 eshape 1.0 1.0 1.0 mshape nan nan
1.8516764447147382 1.950809521060094 1.9685924795302723 eshape 1.0 1.0 1.0 mshape nan nan
1.85128613476687 1.9499047740980215 1.9683504841914536 eshape 1.0 1.0 1.0 mshape nan nan
1.850944062834824 1.9498560844704136 1.968747178975487 eshape 1.0 1.0 1.0 mshape nan nan
1.851511690366486 1.9507395893707988 1.969085321351011 eshape 1.0 1.0 1.0 mshape nan nan
1.8515202647237978 1.950142591020001 1.9704696445575274 eshape 1.0 1.0 1.0 mshape nan nan
1.8517732083454352 1.9500572553138102 1.9693379433193026 eshape 1.0 1.0 1.0 mshape nan nan
1.8512455219987 1.9514496676025925 1.9710943915767125 eshape 1.0 1.0 1.0 mshape nan nan
1.8514689298126714 1.9502159090843902 1.9681238012721665 eshape 1.0 1.0 1.0 mshape nan nan
1.8511672268404002 1.9508126664584606 1.9686521252650724 eshape 1.0 1.0 1.0 mshape nan nan
1.8516139193767063 1.950002083757025 1.9695711124435256 eshape 1.0 1.0 1.0 mshape nan nan
1.8515858473658098 1.9507378510008033 1.9691477065967555 eshape 1.0 1.0 1.0 mshape nan nan
1.8515532727625659 1.9508104005927034 1.9691722417450104 eshape 1.0 1.0 1.0 mshape nan nan
1.8510673756342548 1.9504101344823908 1.969448797089996 eshape 1.0 1.0 1.0 mshape nan nan
1.851452321604139 1.950750972527207 1.9685888645454086 eshape 1.0 1.0 1.0 mshape nan nan
1.8514013772896907 1.9501597944506257 1.9687528673735977 eshape 1.0 1.0 1.0 mshape nan nan
1.8519207337698869 1.950897697359911 1.969553755982107 eshape 1.0 1.0 1.0 mshape nan nan
1.8513733530554926 1.9507049359633333 1.9709257753908658 eshape 1.0 1.0 1.0 mshape nan nan
1.851498140921177 1.9513815084556887 1.9696629791714855 eshape 1.0 1.0 1.0 mshape nan nan
1.8512406492381026 1.9497637009565396 1.9684935732467428 eshape 1.0 1.0 1.0 mshape nan nan
1.8512623757770346 1.9494303462458973 1.967260822289364 eshape 1.0 1.0 1.0 mshape nan nan
1.8509859099091364 1.949412992913315 1.9687220964099998 eshape 1.0 1.0 1.0 mshape nan nan
1.850688632324743 1.9497008843264354 1.968986153754972 eshape 1.0 1.0 1.0 mshape nan nan
1.8514186329095963 1.9497895175021982 1.9690572314118235 eshape 1.0 1.0 1.0 mshape nan nan
1.8516128555385214 1.9506244126752157 1.9696799999836179 eshape 1.0 1.0 1.0 mshape nan nan
1.8520557640658044 1.9511040664502166 1.970174828841779 eshape 1.0 1.0 1.0 mshape nan nan
1.851762538123125 1.9504736625711796 1.9704755855566254 eshape 1.0 1.0 1.0 mshape nan nan
1.8516100005686158 1.9502484725191178 1.9706948676286526 eshape 1.0 1.0 1.0 mshape nan nan
1.8517280616261032 1.9516245747879395 1.9693988544633751 eshape 1.0 1.0 1.0 mshape nan nan
1.8510610226758741 1.9499107675808167 1.9690744358997367 eshape 1.0 1.0 1.0 mshape nan nan
1.8512352023664762 1.9493079777128892 1.9697528193118372 eshape 1.0 1.0 1.0 mshape nan nan
1.8513013714828712 1.949891373306731 1.9688764978958926 eshape 1.0 1.0 1.0 mshape nan nan
1.8508793101531489 1.949921886859939 1.9692679093812622 eshape 1.0 1.0 1.0 mshape nan nan
1.8514944780901235 1.9500789720673253 1.9677127536266217 eshape 1.0 1.0 1.0 mshape nan nan
1.8508789577776197 1.949607741456125 1.9685481732223453 eshape 1.0 1.0 1.0 mshape nan nan
1.8513290787015233 1.9508539913450036 1.9679050556630362 eshape 1.0 1.0 1.0 mshape nan nan
1.8517143729239938 1.9505967496894052 1.9695504178628156 eshape 1.0 1.0 1.0 mshape nan nan
1.85144923623955 1.9499363907663523 1.9689799212900887 eshape 1.0 1.0 1.0 mshape nan nan
1.8513563855856425 1.9503528672727597 1.9699573420033647 eshape 1.0 1.0 1.0 mshape nan nan
1.8512598620331358 1.9511109157731177 1.9691523482535906 eshape 1.0 1.0 1.0 mshape nan nan
1.8511617016648063 1.9499631264741886 1.9685598439513123 eshape 1.0 1.0 1.0 mshape nan nan
1.8518871040288436 1.9508980468232018 1.9693686241129784 eshape 1.0 1.0 1.0 mshape nan nan
1.851395337890045 1.9501947890878635 1.9681274798395547 eshape 1.0 1.0 1.0 mshape nan nan
1.8509702489337057 1.9495023831618186 1.9676977722701596 eshape 1.0 1.0 1.0 mshape nan nan
1.8515187859950757 1.9502755742298943 1.9692728510604591 eshape 1.0 1.0 1.0 mshape nan nan
1.851425790426928 1.9497294153928977 1.9696754121100406 eshape 1.0 1.0 1.0 mshape nan nan
1.851804323732463 1.9500418086505487 1.9693682667485966 eshape 1.0 1.0 1.0 mshape nan nan
1.8512411614736726 1.9496395060256333 1.9685001296807698 eshape 1.0 1.0 1.0 mshape nan nan
1.8512913637405801 1.950819859697593 1.9690497391766937 eshape 1.0 1.0 1.0 mshape nan nan
1.8508829243083436 1.9494473435596178 1.9680724951127493 eshape 1.0 1.0 1.0 mshape nan nan
1.8511019280838457 1.950939448273922 1.9694071378585922 eshape 1.0 1.0 1.0 mshape nan nan
1.851326447121362 1.9500551955588086 1.9694027790967987 eshape 1.0 1.0 1.0 mshape nan nan
1.8519898244551773 1.9510317130304493 1.971427937438278 eshape 1.0 1.0 1.0 mshape nan nan
1.8512504457353514 1.9503034769427954 1.968660273368153 eshape 1.0 1.0 1.0 mshape nan nan
1.8508879810994334 1.949655061858681 1.9693154035695688 eshape 1.0 1.0 1.0 mshape nan nan
1.851172323848387 1.9503819891198755 1.9692973218179506 eshape 1.0 1.0 1.0 mshape nan nan
1.851172383852902 1.9495892626417577 1.9692476107478316 eshape 1.0 1.0 1.0 mshape nan nan
1.8515745774709704 1.949855080071232 1.9681615665353733 eshape 1.0 1.0 1.0 mshape nan nan
1.851477145194711 1.9507409144576437 1.9695668566709403 eshape 1.0 1.0 1.0 mshape nan nan
1.8514243973764932 1.9503110873109 1.9696007328237457 eshape 1.0 1.0 1.0 mshape nan nan
1.8520284891985113 1.950338777649754 1.9694928292690972 eshape 1.0 1.0 1.0 mshape nan nan
1.851854318966292 1.9506417186496965 1.9699405011149687 eshape 1.0 1.0 1.0 mshape nan nan
1.8513978041241124 1.949893064528576 1.968824891928425 eshape 1.0 1.0 1.0 mshape nan nan
1.8515331773020882 1.9506585979367013 1.9695115280003177 eshape 1.0 1.0 1.0 mshape nan nan
1.8513680779274924 1.9504508343010873 1.9685451351260346 eshape 1.0 1.0 1.0 mshape nan nan
1.851292296307959 1.9508530263055177 1.9700575774869749 eshape 1.0 1.0 1.0 mshape nan nan
1.8508915710374534 1.9510989281281466 1.9683970180826977 eshape 1.0 1.0 1.0 mshape nan nan
1.851232600440843 1.9500602849975013 1.968977519259208 eshape 1.0 1.0 1.0 mshape nan nan
1.8516873573604713 1.9512817834833027 1.9706794274339268 eshape 1.0 1.0 1.0 mshape nan nan
1.851573661925906 1.9501282258375738 1.969404728615971 eshape 1.0 1.0 1.0 mshape nan nan
1.8516032258057398 1.9505590695147075 1.969561304100294 eshape 1.0 1.0 1.0 mshape nan nan
1.8514764962724022 1.9506550050726854 1.9688250088096446 eshape 1.0 1.0 1.0 mshape nan nan
1.8512480676241476 1.949770969566068 1.9678990198135884 eshape 1.0 1.0 1.0 mshape nan nan
1.8519409803357854 1.9509433562354574 1.9698832900202565 eshape 1.0 1.0 1.0 mshape nan nan
1.8513121088898699 1.949661427711802 1.9680315329471598 eshape 1.0 1.0 1.0 mshape nan nan
1.8513938462678396 1.9500265123158993 1.968324623826801 eshape 1.0 1.0 1.0 mshape nan nan
1.8515711052821104 1.9497617132989753 1.9698874269922846 eshape 1.0 1.0 1.0 mshape nan nan
1.8519115319730894 1.9504665058587367 1.968341325737711 eshape 1.0 1.0 1.0 mshape nan nan
1.8517844773751817 1.9513601594895338 1.970579862277744 eshape 1.0 1.0 1.0 mshape nan nan
1.8510664966784212 1.951130683800985 1.9707534332835939 eshape 1.0 1.0 1.0 mshape nan nan
1.8515800488052394 1.9507028508619138 1.9692943056145085 eshape 1.0 1.0 1.0 mshape nan nan
1.8514881924823912 1.9508082438608492 1.969568300535766 eshape 1.0 1.0 1.0 mshape nan nan
1.8516799138954358 1.9497161533648082 1.9680921665567483 eshape 1.0 1.0 1.0 mshape nan nan
1.8510231477901067 1.9500603943841952 1.967674518150689 eshape 1.0 1.0 1.0 mshape nan nan
1.851456039707271 1.9507232171281181 1.9677544776982179 eshape 1.0 1.0 1.0 mshape nan nan
1.8510940817484536 1.951015520023806 1.9706335551888494 eshape 1.0 1.0 1.0 mshape nan nan
1.8508259153103686 1.9496461264600766 1.96824097417475 eshape 1.0 1.0 1.0 mshape nan nan
1.8515314179945306 1.9498768115484868 1.9687825892849344 eshape 1.0 1.0 1.0 mshape nan nan
1.8517026524898454 1.95049355847038 1.9691807680432327 eshape 1.0 1.0 1.0 mshape nan nan
1.8515657548158022 1.9503084383144884 1.9696376639246793 eshape 1.0 1.0 1.0 mshape nan nan
1.8515390818920472 1.950615014363525 1.9686947729904454 eshape 1.0 1.0 1.0 mshape nan nan
1.8511588212571122 1.949968502621316 1.9695810816835322 eshape 1.0 1.0 1.0 mshape nan nan
1.8517336587782163 1.9508223660081234 1.9691427281993295 eshape 1.0 1.0 1.0 mshape nan nan
1.8510555156258628 1.9504233887486842 1.968807618273815 eshape 1.0 1.0 1.0 mshape nan nan
1.8515343103816069 1.951168789927609 1.9685319732745028 eshape 1.0 1.0 1.0 mshape nan nan
1.8513177270130519 1.949807099853917 1.9677317054043348 eshape 1.0 1.0 1.0 mshape nan nan
1.852203189574652 1.952522291156439 1.9701993838392553 eshape 1.0 1.0 1.0 mshape nan nan
1.851484869041456 1.950349014858839 1.9694694643443018 eshape 1.0 1.0 1.0 mshape nan nan
1.8513206832704536 1.949657105789662 1.9687726951062827 eshape 1.0 1.0 1.0 mshape nan nan
1.851356685874514 1.950570111736853 1.9699536453125037 eshape 1.0 1.0 1.0 mshape nan nan
1.850959014611429 1.9506563694670298 1.9688331628789881 eshape 1.0 1.0 1.0 mshape nan nan
1.8511042974917675 1.949585838189059 1.9688307457462346 eshape 1.0 1.0 1.0 mshape nan nan
1.8510797294438934 1.9504196398456193 1.9693241928456184 eshape 1.0 1.0 1.0 mshape nan nan
1.8514750900433807 1.950617195188304 1.969059834103448 eshape 1.0 1.0 1.0 mshape nan nan
1.85108007520534 1.9500395936206496 1.9698471295615012 eshape 1.0 1.0 1.0 mshape nan nan
1.8514837807154754 1.949948192909824 1.9692432619086597 eshape 1.0 1.0 1.0 mshape nan nan
1.8515173240204519 1.949873935853433 1.968776973252263 eshape 1.0 1.0 1.0 mshape nan nan
1.8516660229794848 1.951040077448157 1.9694417181418173 eshape 1.0 1.0 1.0 mshape nan nan
1.8513842115622032 1.9507377141914954 1.969556254845669 eshape 1.0 1.0 1.0 mshape nan nan
1.850861737838546 1.9491597960497276 1.9679722810994158 eshape 1.0 1.0 1.0 mshape nan nan
1.8512541837445908 1.9501068767465737 1.9699484472159186 eshape 1.0 1.0 1.0 mshape nan nan
1.8510766868414417 1.9498451871245033 1.9683343256273949 eshape 1.0 1.0 1.0 mshape nan nan
1.8513693248655596 1.9500132948360966 1.9686967144256213 eshape 1.0 1.0 1.0 mshape nan nan
1.8512719242244193 1.9502747953855484 1.9687771300641026 eshape 1.0 1.0 1.0 mshape nan nan
1.8513554319389531 1.9498532501762498 1.9680542320431536 eshape 1.0 1.0 1.0 mshape nan nan
1.8517242395709008 1.951041423538533 1.968699207359675 eshape 1.0 1.0 1.0 mshape nan nan
1.851334574271735 1.9503745270120711 1.9676119692598977 eshape 1.0 1.0 1.0 mshape nan nan
1.8513653844563271 1.9507295571295216 1.969022814285946 eshape 1.0 1.0 1.0 mshape nan nan
1.8512907893159931 1.9506542555204476 1.968707664723979 eshape 1.0 1.0 1.0 mshape nan nan
1.8512070165881143 1.9495931826925386 1.9688432436173613 eshape 1.0 1.0 1.0 mshape nan nan
1.8517924839061288 1.9503391581707405 1.9718187607305449 eshape 1.0 1.0 1.0 mshape nan nan
1.8517422705782893 1.9511830513872488 1.9690759508875948 eshape 1.0 1.0 1.0 mshape nan nan
1.8517081088228788 1.9502374884703815 1.9694940550268851 eshape 1.0 1.0 1.0 mshape nan nan
1.8513071041244076 1.9502115471367807 1.9686302134014104 eshape 1.0 1.0 1.0 mshape nan nan
1.8512287387207484 1.949925275905846 1.9686467572723376 eshape 1.0 1.0 1.0 mshape nan nan
1.851279942750467 1.9505358534537187 1.969160175777621 eshape 1.0 1.0 1.0 mshape nan nan
1.8512303508649564 1.950229073525175 1.9680624437331866 eshape 1.0 1.0 1.0 mshape nan nan
1.8514466087289787 1.9507888341795638 1.9692492485069921 eshape 1.0 1.0 1.0 mshape nan nan
1.8518998870389787 1.9510113989407116 1.9695873250977267 eshape 1.0 1.0 1.0 mshape nan nan
1.8512980836916115 1.9505936739386749 1.9689037257122117 eshape 1.0 1.0 1.0 mshape nan nan
1.8512237413158625 1.950051683071614 1.9691291466972825 eshape 1.0 1.0 1.0 mshape nan nan
1.8512229107476186 1.9503964013892967 1.9687793297266174 eshape 1.0 1.0 1.0 mshape nan nan
1.851655271715149 1.9514675777152226 1.9716663286739298 eshape 1.0 1.0 1.0 mshape nan nan
1.8519219829550764 1.9509382105460518 1.9700989375772247 eshape 1.0 1.0 1.0 mshape nan nan
1.8516318346602028 1.9502251184118329 1.969259375803886 eshape 1.0 1.0 1.0 mshape nan nan
1.850952363124144 1.950063696740841 1.9699913687979198 eshape 1.0 1.0 1.0 mshape nan nan
1.851470630254959 1.9505263100949057 1.9697341530324652 eshape 1.0 1.0 1.0 mshape nan nan
1.8512436202982652 1.9501939910141526 1.969507458670599 eshape 1.0 1.0 1.0 mshape nan nan
1.851150540449507 1.950041669642655 1.9690066893536935 eshape 1.0 1.0 1.0 mshape nan nan
1.8515756570177913 1.9507762203787269 1.9692117773732762 eshape 1.0 1.0 1.0 mshape nan nan
1.8519014107461862 1.9504861037810666 1.9692585234151025 eshape 1.0 1.0 1.0 mshape nan nan
1.8513525499772463 1.9504940787267544 1.9693686305652272 eshape 1.0 1.0 1.0 mshape nan nan
1.8512072315566632 1.9502007910646 1.9690746129917966 eshape 1.0 1.0 1.0 mshape nan nan
1.8506140368677144 1.9507925710930731 1.9687073896274183 eshape 1.0 1.0 1.0 mshape nan nan
1.8513316375323596 1.9500915018906264 1.9699568518655086 eshape 1.0 1.0 1.0 mshape nan nan
1.8509661807999807 1.9495001227794022 1.9678465735515334 eshape 1.0 1.0 1.0 mshape nan nan
1.851450377790597 1.9504280403208705 1.9692608137398513 eshape 1.0 1.0 1.0 mshape nan nan
1.8515204705985946 1.949748861372567 1.968602474319888 eshape 1.0 1.0 1.0 mshape nan nan
1.85144279829121 1.9501895517486965 1.9694880278528837 eshape 1.0 1.0 1.0 mshape nan nan
1.851426211314131 1.9496791947739405 1.968390835111253 eshape 1.0 1.0 1.0 mshape nan nan
1.8514884181882307 1.9505672828573797 1.9692491809231338 eshape 1.0 1.0 1.0 mshape nan nan
1.85120739850358 1.949161242334349 1.967645931555921 eshape 1.0 1.0 1.0 mshape nan nan
1.8518542995620848 1.9512454342983747 1.9705076928320882 eshape 1.0 1.0 1.0 mshape nan nan
1.851255641115056 1.9508044621927039 1.9701913688952826 eshape 1.0 1.0 1.0 mshape nan nan
1.852113575685103 1.9507707545187847 1.9693829062149808 eshape 1.0 1.0 1.0 mshape nan nan
1.8513122526380779 1.9507732509683817 1.9698468093747874 eshape 1.0 1.0 1.0 mshape nan nan
1.8508892777484067 1.949756236772276 1.9687884168248222 eshape 1.0 1.0 1.0 mshape nan nan
1.8516998965104603 1.949664842685281 1.968167198006295 eshape 1.0 1.0 1.0 mshape nan nan
1.8510947147902408 1.950380563423499 1.9687233070905221 eshape 1.0 1.0 1.0 mshape nan nan
1.8518020465038736 1.9502571540987332 1.9690462166356688 eshape 1.0 1.0 1.0 mshape nan nan
1.8516781353556582 1.9505875297571185 1.9704970389729588 eshape 1.0 1.0 1.0 mshape nan nan
1.8513150862670333 1.9507993864618747 1.970015814987958 eshape 1.0 1.0 1.0 mshape nan nan
1.851255356903291 1.9500102720992771 1.9683239576951217 eshape 1.0 1.0 1.0 mshape nan nan
1.851423746238995 1.9504132946429362 1.9697969265364663 eshape 1.0 1.0 1.0 mshape nan nan
1.8514723179774388 1.9501684045181258 1.9678415404563108 eshape 1.0 1.0 1.0 mshape nan nan
1.8515764088975717 1.9497712123222521 1.9687788254322158 eshape 1.0 1.0 1.0 mshape nan nan
1.8517083672028165 1.9505878166939363 1.9682965634128013 eshape 1.0 1.0 1.0 mshape nan nan
1.851723578102362 1.9501725274392185 1.9703239791692495 eshape 1.0 1.0 1.0 mshape nan nan
1.85172161637144 1.9508857620739213 1.9703165314918214 eshape 1.0 1.0 1.0 mshape nan nan
1.8516879568535958 1.950719792449141 1.9692814458690227 eshape 1.0 1.0 1.0 mshape nan nan
1.851358775873091 1.9499518237754314 1.9689332427052262 eshape 1.0 1.0 1.0 mshape nan nan
1.8512808668528913 1.9501102021258991 1.9688837352100892 eshape 1.0 1.0 1.0 mshape nan nan
1.8512051568542296 1.950266476079081 1.969098140312664 eshape 1.0 1.0 1.0 mshape nan nan
1.850943782814701 1.9499023525417647 1.9681734309601517 eshape 1.0 1.0 1.0 mshape nan nan
1.851049450469833 1.9503796213696 1.9687698867776229 eshape 1.0 1.0 1.0 mshape nan nan
1.8515961237045762 1.9500709482076044 1.968814955675143 eshape 1.0 1.0 1.0 mshape nan nan
1.8510562048451227 1.9492873793962047 1.9688315486700485 eshape 1.0 1.0 1.0 mshape nan nan
1.8513963044629724 1.9513390518770226 1.9690697424901964 eshape 1.0 1.0 1.0 mshape nan nan
1.8510653484512827 1.9498952801468805 1.9687661055011825 eshape 1.0 1.0 1.0 mshape nan nan
1.8516493427109695 1.9507593181830458 1.9681159682781817 eshape 1.0 1.0 1.0 mshape nan nan
1.8508954511155045 1.9488631713563436 1.9668403957895217 eshape 1.0 1.0 1.0 mshape nan nan
1.8515312242172404 1.950537772893099 1.9701301928793031 eshape 1.0 1.0 1.0 mshape nan nan
1.8515170682180788 1.9494094611342576 1.9693065207951994 eshape 1.0 1.0 1.0 mshape nan nan
1.8517622768747106 1.9507204384445127 1.9688846907230315 eshape 1.0 1.0 1.0 mshape nan nan
1.8511711713428358 1.9502338365875234 1.9680783786607687 eshape 1.0 1.0 1.0 mshape nan nan
1.8508814943186283 1.95019781146495 1.969540687881443 eshape 1.0 1.0 1.0 mshape nan nan
1.85119617719644 1.9496976917413988 1.9686964816029335 eshape 1.0 1.0 1.0 mshape nan nan
1.8511838230346813 1.9501582996549922 1.9672673226766197 eshape 1.0 1.0 1.0 mshape nan nan
1.851234478866779 1.950058048872535 1.9698104250586836 eshape 1.0 1.0 1.0 mshape nan nan
1.8515206930225312 1.9508066757318352 1.9693259160192325 eshape 1.0 1.0 1.0 mshape nan nan
1.8515908174495121 1.9500369262752069 1.9688776281919431 eshape 1.0 1.0 1.0 mshape nan nan
1.8514800672616638 1.9507194914076358 1.9688388236110665 eshape 1.0 1.0 1.0 mshape nan nan
1.8516639011708262 1.9508006230988972 1.9690536902120948 eshape 1.0 1.0 1.0 mshape nan nan
1.8513739698011376 1.9496152020903446 1.9686997577206904 eshape 1.0 1.0 1.0 mshape nan nan
1.851302025754758 1.949687046097327 1.968942458653332 eshape 1.0 1.0 1.0 mshape nan nan
1.8513979289824372 1.9499223977945144 1.9675626763193041 eshape 1.0 1.0 1.0 mshape nan nan
1.8512667513130014 1.9499270448985364 1.9689480650083064 eshape 1.0 1.0 1.0 mshape nan nan
1.8521057173107047 1.9509688980302056 1.9699443293686911 eshape 1.0 1.0 1.0 mshape nan nan
1.8513143870463562 1.9504508923482289 1.968918672403043 eshape 1.0 1.0 1.0 mshape nan nan
1.8515307671212136 1.950816015363095 1.9691666035814217 eshape 1.0 1.0 1.0 mshape nan nan
1.8520664751645923 1.9513856030283543 1.9709114159194907 eshape 1.0 1.0 1.0 mshape nan nan
1.8510915813785929 1.9497166959400702 1.9671026905976439 eshape 1.0 1.0 1.0 mshape nan nan
1.8511530686622188 1.9511686561923607 1.9697441641733162 eshape 1.0 1.0 1.0 mshape nan nan
1.8501808682417886 1.9487843168480345 1.9676393487608481 eshape 1.0 1.0 1.0 mshape nan nan
1.8511709977588724 1.9501956124947248 1.9687560253363061 eshape 1.0 1.0 1.0 mshape nan nan
1.85104884673571 1.9503154774355274 1.9683565641738918 eshape 1.0 1.0 1.0 mshape nan nan
1.8500311964731737 1.9489007971939896 1.9674353807795344 eshape 1.0 1.0 1.0 mshape nan nan
1.851833610657928 1.9503885259408866 1.9687079543810468 eshape 1.0 1.0 1.0 mshape nan nan
1.8516414590947539 1.9501289154123758 1.9689161742261545 eshape 1.0 1.0 1.0 mshape nan nan
1.8509742920441585 1.949495562168227 1.9671770419526806 eshape 1.0 1.0 1.0 mshape nan nan
1.8513348931750455 1.9503710088312096 1.9679817149992533 eshape 1.0 1.0 1.0 mshape nan nan
1.8513882198603588 1.950639318052097 1.9685339533614905 eshape 1.0 1.0 1.0 mshape nan nan
1.8515580695071814 1.9494472474900573 1.9684710373241594 eshape 1.0 1.0 1.0 mshape nan nan
1.8510574822056787 1.9494051162262815 1.9682444677056004 eshape 1.0 1.0 1.0 mshape nan nan
1.8507461552903253 1.9490119088433941 1.9690021262068458 eshape 1.0 1.0 1.0 mshape nan nan
1.8513761348059545 1.950445326195734 1.9690729365660178 eshape 1.0 1.0 1.0 mshape nan nan
1.8516768545394215 1.9503133921162248 1.9685295124047646 eshape 1.0 1.0 1.0 mshape nan nan
1.8520277295716185 1.9507856366471215 1.9703274031548539 eshape 1.0 1.0 1.0 mshape nan nan
1.8516784782190234 1.9504804251440933 1.9694699236438493 eshape 1.0 1.0 1.0 mshape nan nan
1.8513984441375133 1.9513504689370509 1.9699878064892091 eshape 1.0 1.0 1.0 mshape nan nan
1.8513491143020144 1.9498683041985567 1.968662073143911 eshape 1.0 1.0 1.0 mshape nan nan
1.8514502562526185 1.9500652105361365 1.969445314661494 eshape 1.0 1.0 1.0 mshape nan nan
1.8509063352727453 1.9505901997309603 1.9692028158790127 eshape 1.0 1.0 1.0 mshape nan nan
1.8512755122579736 1.9491256385587399 1.9688656277984808 eshape 1.0 1.0 1.0 mshape nan nan
1.8517670444191658 1.950577004400719 1.9696619784732268 eshape 1.0 1.0 1.0 mshape nan nan
1.8514319263693482 1.950424393608803 1.9694083881744624 eshape 1.0 1.0 1.0 mshape nan nan
1.8514252334577508 1.9497339673291414 1.9676781610356988 eshape 1.0 1.0 1.0 mshape nan nan
1.8517516322653085 1.9499061429558666 1.969108633225269 eshape 1.0 1.0 1.0 mshape nan nan
1.851495311245966 1.9496015126876358 1.968545068615303 eshape 1.0 1.0 1.0 mshape nan nan
1.850815800477045 1.9495936036417818 1.968705716595168 eshape 1.0 1.0 1.0 mshape nan nan
1.8517890933087076 1.9506162078097096 1.9693207448206764 eshape 1.0 1.0 1.0 mshape nan nan
1.8514003127077219 1.950679976893912 1.9685693545273022 eshape 1.0 1.0 1.0 mshape nan nan
1.8514047403447653 1.9498184342794973 1.968803950289987 eshape 1.0 1.0 1.0 mshape nan nan
1.8512717797558471 1.949842427206196 1.968452400032126 eshape 1.0 1.0 1.0 mshape nan nan
1.8511184414859034 1.9500110669357766 1.969165764015622 eshape 1.0 1.0 1.0 mshape nan nan
1.8511967961031912 1.9499639249149494 1.968327979200117 eshape 1.0 1.0 1.0 mshape nan nan
1.8517212252920583 1.9501495280311114 1.9685303385677997 eshape 1.0 1.0 1.0 mshape nan nan
1.8511015717337607 1.9503324400794264 1.9688239865193669 eshape 1.0 1.0 1.0 mshape nan nan
1.851110007283797 1.9501332702733436 1.9691862071498527 eshape 1.0 1.0 1.0 mshape nan nan
1.851257270820682 1.9498684447167547 1.9697577926658274 eshape 1.0 1.0 1.0 mshape nan nan
1.851463220019056 1.951097656781877 1.968427216462483 eshape 1.0 1.0 1.0 mshape nan nan
1.8514453247938525 1.9499941803608956 1.9694991795320185 eshape 1.0 1.0 1.0 mshape nan nan
1.851786748668192 1.9502444345328644 1.9685779600529587 eshape 1.0 1.0 1.0 mshape nan nan
1.8518358406513347 1.9508678530616663 1.9689885894409576 eshape 1.0 1.0 1.0 mshape nan nan
1.8511303017803278 1.9495152289945445 1.9681861427826097 eshape 1.0 1.0 1.0 mshape nan nan
1.8509211643995305 1.9494488867261635 1.968015344951908 eshape 1.0 1.0 1.0 mshape nan nan
1.851222741528627 1.9494783784174308 1.9691972098300208 eshape 1.0 1.0 1.0 mshape nan nan
1.8516352502418523 1.9503623806625554 1.9692466505851847 eshape 1.0 1.0 1.0 mshape nan nan
1.8520311644889837 1.9506789140418026 1.969580935472772 eshape 1.0 1.0 1.0 mshape nan nan
1.8509487009021164 1.949840190082065 1.969969999190305 eshape 1.0 1.0 1.0 mshape nan nan
1.8516460398416856 1.9510404492686453 1.9694400913479801 eshape 1.0 1.0 1.0 mshape nan nan
1.851727940534358 1.9507542531822477 1.9687903309601864 eshape 1.0 1.0 1.0 mshape nan nan
1.8514054371343576 1.9505284459957437 1.968472996942345 eshape 1.0 1.0 1.0 mshape nan nan
1.8510828454166066 1.9499074355192063 1.9690260725248079 eshape 1.0 1.0 1.0 mshape nan nan
1.8518134261353902 1.9508318227834467 1.969116750612653 eshape 1.0 1.0 1.0 mshape nan nan
1.8514532612788213 1.9503252779780034 1.9689927712645465 eshape 1.0 1.0 1.0 mshape nan nan
1.8516628800754398 1.9508755761135521 1.9696874637182245 eshape 1.0 1.0 1.0 mshape nan nan
1.851100023132009 1.9499459147906018 1.9691834130690176 eshape 1.0 1.0 1.0 mshape nan nan
1.8515796408280802 1.9506212250765356 1.9692465969767226 eshape 1.0 1.0 1.0 mshape nan nan
1.85108210227845 1.9500348523722195 1.9694218071452587 eshape 1.0 1.0 1.0 mshape nan nan
1.851116193253676 1.950112235367577 1.9680204141436994 eshape 1.0 1.0 1.0 mshape nan nan
1.851434746918509 1.9505519248149352 1.9689641717263253 eshape 1.0 1.0 1.0 mshape nan nan
1.851209258321938 1.949262115889035 1.9696535847174048 eshape 1.0 1.0 1.0 mshape nan nan
1.8512845388639616 1.9490759693729838 1.9678657052589734 eshape 1.0 1.0 1.0 mshape nan nan
1.8514612019271464 1.9499485394188114 1.969691643514529 eshape 1.0 1.0 1.0 mshape nan nan
1.8512382047547216 1.949634410310997 1.9674820197978318 eshape 1.0 1.0 1.0 mshape nan nan
1.851595281425695 1.9494496992494512 1.9675825247027081 eshape 1.0 1.0 1.0 mshape nan nan
1.8511723450919373 1.9508287451149837 1.968996954604535 eshape 1.0 1.0 1.0 mshape nan nan
1.851003676930125 1.9491016752758463 1.9674884145460365 eshape 1.0 1.0 1.0 mshape nan nan
1.8516439558860933 1.9505738248458995 1.970078039975056 eshape 1.0 1.0 1.0 mshape nan nan
1.8511328418398234 1.9496141026129574 1.9670300933131728 eshape 1.0 1.0 1.0 mshape nan nan
1.8516112399339406 1.9509196306451955 1.9692085043784668 eshape 1.0 1.0 1.0 mshape nan nan
1.8517435187992906 1.9506045113149184 1.9688808836180138 eshape 1.0 1.0 1.0 mshape nan nan
1.8511435826676725 1.9504806451226935 1.9689780933847316 eshape 1.0 1.0 1.0 mshape nan nan
1.8515913290773285 1.9499051515989707 1.9685710116660329 eshape 1.0 1.0 1.0 mshape nan nan
1.8514763688664313 1.9505875608804701 1.9691204822025408 eshape 1.0 1.0 1.0 mshape nan nan
1.8514124099661164 1.9504642118764814 1.9691823454209854 eshape 1.0 1.0 1.0 mshape nan nan
1.8512172277705194 1.9504523108975218 1.9687569036244086 eshape 1.0 1.0 1.0 mshape nan nan
1.8513902771951953 1.9501107823816985 1.9692473133563413 eshape 1.0 1.0 1.0 mshape nan nan
1.8513463445375895 1.9492512406518447 1.9683340315777031 eshape 1.0 1.0 1.0 mshape nan nan
1.8514385776927134 1.9492611259275723 1.9689619679654422 eshape 1.0 1.0 1.0 mshape nan nan
1.8510873572191562 1.9498007821698735 1.9674249906645136 eshape 1.0 1.0 1.0 mshape nan nan
1.851051034730118 1.9497233421107238 1.9686523675961771 eshape 1.0 1.0 1.0 mshape nan nan
1.8509769395040463 1.9498548672715161 1.9686872019446087 eshape 1.0 1.0 1.0 mshape nan nan
1.8515232677495639 1.949419043907842 1.9689769472096559 eshape 1.0 1.0 1.0 mshape nan nan
1.8515039973697103 1.9499630087937279 1.9678649004162478 eshape 1.0 1.0 1.0 mshape nan nan
1.8513371503552152 1.9506224920506634 1.9681182247788418 eshape 1.0 1.0 1.0 mshape nan nan
1.851588469728129 1.9497923296591502 1.9704895349603153 eshape 1.0 1.0 1.0 mshape nan nan
1.8520284678530166 1.9511260836719866 1.9702664017688996 eshape 1.0 1.0 1.0 mshape nan nan
1.851522399271731 1.9497477224506807 1.968436629269518 eshape 1.0 1.0 1.0 mshape nan nan
1.8511983778404033 1.9501610114700165 1.9686738194276383 eshape 1.0 1.0 1.0 mshape nan nan
1.8508539014590235 1.9483715931240584 1.96813909299077 eshape 1.0 1.0 1.0 mshape nan nan
1.8514373923618959 1.9508456971039712 1.9685078627362536 eshape 1.0 1.0 1.0 mshape nan nan
1.851506953097738 1.9505428544210741 1.968045184684408 eshape 1.0 1.0 1.0 mshape nan nan
1.8517762147108576 1.949746831809883 1.9691057974848332 eshape 1.0 1.0 1.0 mshape nan nan
1.8514269199917381 1.9506263106379216 1.968982515657919 eshape 1.0 1.0 1.0 mshape nan nan
1.8511561816345228 1.9500501196124385 1.9684196313335671 eshape 1.0 1.0 1.0 mshape nan nan
1.8506940502022124 1.9499533491709693 1.9687657241341474 eshape 1.0 1.0 1.0 mshape nan nan
1.8512461342946176 1.9499421899096365 1.9689414491062762 eshape 1.0 1.0 1.0 mshape nan nan
1.8511455583825107 1.950497962393303 1.9693559212205307 eshape 1.0 1.0 1.0 mshape nan nan
1.8510586518102958 1.9489635076648066 1.9680659286739814 eshape 1.0 1.0 1.0 mshape nan nan
1.851546126088289 1.9499744484864667 1.9689226169179275 eshape 1.0 1.0 1.0 mshape nan nan
1.8513859791986949 1.9506480056049063 1.9699524211532808 eshape 1.0 1.0 1.0 mshape nan nan
1.8505944061408022 1.9489160938113954 1.9670553782779707 eshape 1.0 1.0 1.0 mshape nan nan
1.8509879673413423 1.9497220487151348 1.9676041159432758 eshape 1.0 1.0 1.0 mshape nan nan
1.8508432259504624 1.950977934425849 1.968837739225057 eshape 1.0 1.0 1.0 mshape nan nan
1.8513791973846996 1.9499631028588726 1.9714005247759525 eshape 1.0 1.0 1.0 mshape nan nan
1.8518932753277308 1.9514338592401195 1.9693491960962894 eshape 1.0 1.0 1.0 mshape nan nan
1.8516390092877828 1.9507231090849362 1.9696674464079302 eshape 1.0 1.0 1.0 mshape nan nan
1.8512552804549112 1.9492354556886622 1.9675667636826952 eshape 1.0 1.0 1.0 mshape nan nan
1.851869749730589 1.9505409171020014 1.9700776804628746 eshape 1.0 1.0 1.0 mshape nan nan
1.8515016528251105 1.9500807239305376 1.9701522879193138 eshape 1.0 1.0 1.0 mshape nan nan
1.8516132902284974 1.9506626333734145 1.9684598987525828 eshape 1.0 1.0 1.0 mshape nan nan
1.8511502279092937 1.949622244578399 1.968917633940693 eshape 1.0 1.0 1.0 mshape nan nan
1.851564758636294 1.9505508993936098 1.9685959330621208 eshape 1.0 1.0 1.0 mshape nan nan
1.851495885706709 1.9501597918557232 1.9694571930982472 eshape 1.0 1.0 1.0 mshape nan nan
1.8512704861136557 1.9497652818503433 1.969487665076242 eshape 1.0 1.0 1.0 mshape nan nan
1.851300010723051 1.9502014470718354 1.9695987171403821 eshape 1.0 1.0 1.0 mshape nan nan
1.8516368387172812 1.9512250612475839 1.96994553908765 eshape 1.0 1.0 1.0 mshape nan nan
1.8514876548449528 1.951027751756177 1.9684849828047701 eshape 1.0 1.0 1.0 mshape nan nan
1.851309370582586 1.9501552668502395 1.9696569972605948 eshape 1.0 1.0 1.0 mshape nan nan
1.8517606421377935 1.950142436056483 1.9688889186558127 eshape 1.0 1.0 1.0 mshape nan nan
1.8511204573658293 1.950689123243995 1.9687224905025078 eshape 1.0 1.0 1.0 mshape nan nan
1.8509137184904605 1.9496797800990358 1.967545772823109 eshape 1.0 1.0 1.0 mshape nan nan
1.8510414564735365 1.9493725652013065 1.9692366364426015 eshape 1.0 1.0 1.0 mshape nan nan
1.850896387671254 1.9505483412750504 1.9689616440617725 eshape 1.0 1.0 1.0 mshape nan nan
1.8517373755985207 1.9497391498154153 1.9691321558676482 eshape 1.0 1.0 1.0 mshape nan nan
1.8510726367697354 1.950502294433701 1.9682319182515087 eshape 1.0 1.0 1.0 mshape nan nan
1.8508920531964335 1.9502602490285892 1.9689639194059254 eshape 1.0 1.0 1.0 mshape nan nan
1.8510810288477353 1.949525354136445 1.9681964397178002 eshape 1.0 1.0 1.0 mshape nan nan
1.8512558850161713 1.9491228485559584 1.9671733645963598 eshape 1.0 1.0 1.0 mshape nan nan
1.8507125860909808 1.9497251250284773 1.968752796566742 eshape 1.0 1.0 1.0 mshape nan nan
1.8514710176870444 1.9501169260832312 1.968982757103944 eshape 1.0 1.0 1.0 mshape nan nan
1.8514619957983178 1.9503389120364845 1.9694855207949757 eshape 1.0 1.0 1.0 mshape nan nan
1.851053782143603 1.950356832701272 1.969748695205429 eshape 1.0 1.0 1.0 mshape nan nan
1.8514451887252013 1.951302584610509 1.969279890948001 eshape 1.0 1.0 1.0 mshape nan nan
1.8511709800828624 1.9502309045944382 1.967265352910367 eshape 1.0 1.0 1.0 mshape nan nan
1.8512487539391513 1.9505576887319651 1.9696164920188388 eshape 1.0 1.0 1.0 mshape nan nan
1.851040729736824 1.950954840389031 1.9689934531697633 eshape 1.0 1.0 1.0 mshape nan nan
1.8514791530151908 1.9504007712030624 1.9696957941380147 eshape 1.0 1.0 1.0 mshape nan nan
1.8518050828255033 1.950250659218047 1.9679827638537637 eshape 1.0 1.0 1.0 mshape nan nan
1.850828267495656 1.9496050562265834 1.9686315194005035 eshape 1.0 1.0 1.0 mshape nan nan
1.851643796186396 1.9507209072911482 1.9687090792607118 eshape 1.0 1.0 1.0 mshape nan nan
1.8511615152605836 1.9497478558320127 1.968449967626938 eshape 1.0 1.0 1.0 mshape nan nan
1.8508972063305056 1.9494353113247487 1.9675925858487615 eshape 1.0 1.0 1.0 mshape nan nan
1.8517676097836022 1.949475096806651 1.968407671989695 eshape 1.0 1.0 1.0 mshape nan nan
1.8513924185866977 1.9498929612529108 1.9691537062676479 eshape 1.0 1.0 1.0 mshape nan nan
1.851406191341145 1.9509061517830324 1.9693058376108705 eshape 1.0 1.0 1.0 mshape nan nan
1.8512752788231897 1.95092834424026 1.9688091645631665 eshape 1.0 1.0 1.0 mshape nan nan
1.8509482378693198 1.9498723942080658 1.9683628394619486 eshape 1.0 1.0 1.0 mshape nan nan
1.8512487669015978 1.9499050851182103 1.968608202220665 eshape 1.0 1.0 1.0 mshape nan nan
1.8507723717520004 1.9487218117977143 1.9686737506258951 eshape 1.0 1.0 1.0 mshape nan nan
1.851189130331653 1.949649172606031 1.9685894447920005 eshape 1.0 1.0 1.0 mshape nan nan
1.8512070281108257 1.9498698770333092 1.9687220398075518 eshape 1.0 1.0 1.0 mshape nan nan
1.8513110955983498 1.949991045113231 1.9696230942344546 eshape 1.0 1.0 1.0 mshape nan nan
1.850856683994372 1.950401902886532 1.9685356873469007 eshape 1.0 1.0 1.0 mshape nan nan
1.8515357412217883 1.9505632639655042 1.9688530285480035 eshape 1.0 1.0 1.0 mshape nan nan
1.8510641041657054 1.94956538377353 1.9689500488647447 eshape 1.0 1.0 1.0 mshape nan nan
1.8506685372619605 1.9488883425258707 1.967521858248165 eshape 1.0 1.0 1.0 mshape nan nan
1.8517746187143471 1.9509480052177959 1.9692930575769378 eshape 1.0 1.0 1.0 mshape nan nan
1.8515603854195941 1.9499129155252437 1.9681162587758045 eshape 1.0 1.0 1.0 mshape nan nan
1.8514321569636263 1.9496376439370302 1.968698655500476 eshape 1.0 1.0 1.0 mshape nan nan
1.8518680474619094 1.951327317443053 1.97048278821647 eshape 1.0 1.0 1.0 mshape nan nan
1.85145494679454 1.949849530469205 1.967652311939773 eshape 1.0 1.0 1.0 mshape nan nan
1.8512276947145445 1.949486185634296 1.9688819106179065 eshape 1.0 1.0 1.0 mshape nan nan
1.8511321687664486 1.9490477000262798 1.968371902122928 eshape 1.0 1.0 1.0 mshape nan nan
1.8506144285478026 1.9489172821502831 1.967598713951475 eshape 1.0 1.0 1.0 mshape nan nan
1.8508212896796246 1.9505465178977028 1.9693034072659814 eshape 1.0 1.0 1.0 mshape nan nan
1.8512986777881322 1.9502233867859102 1.9691342386297426 eshape 1.0 1.0 1.0 mshape nan nan
1.8516917092290597 1.9510228336521864 1.9692366328525277 eshape 1.0 1.0 1.0 mshape nan nan
1.8511240268796827 1.9504948416435073 1.9706406752545593 eshape 1.0 1.0 1.0 mshape nan nan
1.8512311983569234 1.9503896288469251 1.9690250914733527 eshape 1.0 1.0 1.0 mshape nan nan
1.8515799108056563 1.94969709740314 1.9702412935613327 eshape 1.0 1.0 1.0 mshape nan nan
1.8513595036918813 1.9490176323973765 1.969615270430755 eshape 1.0 1.0 1.0 mshape nan nan
1.851138796008885 1.9504585297934638 1.968486536520265 eshape 1.0 1.0 1.0 mshape nan nan
1.8509340110894767 1.9489809311402098 1.968522354989349 eshape 1.0 1.0 1.0 mshape nan nan
1.8510636838935315 1.9498564321998872 1.9688180851037578 eshape 1.0 1.0 1.0 mshape nan nan
1.8513472347971751 1.949559824577168 1.9681011215623547 eshape 1.0 1.0 1.0 mshape nan nan
1.8513857203327269 1.9509791006591917 1.9692608727928322 eshape 1.0 1.0 1.0 mshape nan nan
1.8515315076174201 1.9505248729917615 1.9691822391642393 eshape 1.0 1.0 1.0 mshape nan nan
1.8514088413544822 1.9494886959037205 1.9686032330831653 eshape 1.0 1.0 1.0 mshape nan nan
1.8515079655646476 1.9511619258479487 1.9694163857894196 eshape 1.0 1.0 1.0 mshape nan nan
1.8512630264662955 1.9499275487332208 1.9669926195692478 eshape 1.0 1.0 1.0 mshape nan nan
1.8507586441991088 1.949560614896472 1.9690704960577798 eshape 1.0 1.0 1.0 mshape nan nan
1.8510291918386712 1.94971962555631 1.9676810210275015 eshape 1.0 1.0 1.0 mshape nan nan
1.850951478068887 1.9501713622185217 1.9699242110450466 eshape 1.0 1.0 1.0 mshape nan nan
1.8511185876540373 1.9492216119927788 1.9682051893858459 eshape 1.0 1.0 1.0 mshape nan nan
1.8508567564280896 1.950511682940338 1.967413983353622 eshape 1.0 1.0 1.0 mshape nan nan
1.8515756680876916 1.9496060216423863 1.969119371950701 eshape 1.0 1.0 1.0 mshape nan nan
1.8511534609856144 1.9503136695303878 1.9686095575214315 eshape 1.0 1.0 1.0 mshape nan nan
1.8514402522462259 1.9504773466975183 1.968308731980269 eshape 1.0 1.0 1.0 mshape nan nan
1.851636712272132 1.9507529349479678 1.9700445603381558 eshape 1.0 1.0 1.0 mshape nan nan
1.8514147694238445 1.949460215646159 1.967557882484446 eshape 1.0 1.0 1.0 mshape nan nan
1.8516852133918658 1.9501259321260132 1.970563416579573 eshape 1.0 1.0 1.0 mshape nan nan
1.8508952984664024 1.949611819387754 1.9679784663717736 eshape 1.0 1.0 1.0 mshape nan nan
1.8514406440218387 1.9508769015052962 1.9687292466525044 eshape 1.0 1.0 1.0 mshape nan nan
1.8512796919533676 1.950898179040149 1.9702285477353227 eshape 1.0 1.0 1.0 mshape nan nan
1.8515186465240028 1.9507066260110715 1.9692555265020562 eshape 1.0 1.0 1.0 mshape nan nan
1.8513402546191453 1.9500063537279835 1.969226923836891 eshape 1.0 1.0 1.0 mshape nan nan
1.8510864137422705 1.9501784753014035 1.9677269488817684 eshape 1.0 1.0 1.0 mshape nan nan
1.851437607553345 1.950443282760356 1.9688735683617573 eshape 1.0 1.0 1.0 mshape nan nan
1.8511086454271846 1.9491571076834373 1.967881650327553 eshape 1.0 1.0 1.0 mshape nan nan
1.8513232048133488 1.9490114642442753 1.9682787056748035 eshape 1.0 1.0 1.0 mshape nan nan
1.851067896401767 1.949487674645031 1.96886309715273 eshape 1.0 1.0 1.0 mshape nan nan
1.8515728397724094 1.9504586071763494 1.9693081786066788 eshape 1.0 1.0 1.0 mshape nan nan
1.8514945274922632 1.9503844002055024 1.9690244726124757 eshape 1.0 1.0 1.0 mshape nan nan
1.851271983208449 1.9494864781097687 1.9680596234854684 eshape 1.0 1.0 1.0 mshape nan nan
1.850425954790585 1.9490914862699211 1.967102451574028 eshape 1.0 1.0 1.0 mshape nan nan
1.8516508459105903 1.950446765707111 1.9700611022117942 eshape 1.0 1.0 1.0 mshape nan nan
1.8515941135001894 1.9502718676811355 1.96907483973584 eshape 1.0 1.0 1.0 mshape nan nan
1.8515509875282914 1.950008315121416 1.9682804358631383 eshape 1.0 1.0 1.0 mshape nan nan
1.8516596891647426 1.9503504314889306 1.968300220052292 eshape 1.0 1.0 1.0 mshape nan nan
1.851028004595766 1.9495250756235074 1.9685474680773463 eshape 1.0 1.0 1.0 mshape nan nan
1.8515578286947476 1.950340880287638 1.9707218795910122 eshape 1.0 1.0 1.0 mshape nan nan
1.8514275363416244 1.950098090753143 1.9698778677692779 eshape 1.0 1.0 1.0 mshape nan nan
1.8513092355435983 1.949868834877415 1.9689690516569505 eshape 1.0 1.0 1.0 mshape nan nan
1.8518278980061622 1.9516150646863961 1.968875852019966 eshape 1.0 1.0 1.0 mshape nan nan
1.8513225751207263 1.9501652153065012 1.969264945101604 eshape 1.0 1.0 1.0 mshape nan nan
1.8516567098707415 1.9503363984806241 1.9694582008427466 eshape 1.0 1.0 1.0 mshape nan nan
1.8509762494974753 1.9495012671841512 1.9692173550855958 eshape 1.0 1.0 1.0 mshape nan nan
1.8514956794640283 1.9501934738423714 1.9682020033725995 eshape 1.0 1.0 1.0 mshape nan nan
1.8515127067376662 1.94903494240664 1.9671109157043252 eshape 1.0 1.0 1.0 mshape nan nan
1.8511101829387548 1.9494508473554826 1.9684905235164003 eshape 1.0 1.0 1.0 mshape nan nan
1.8512184357796866 1.949862302779181 1.9669267199872997 eshape 1.0 1.0 1.0 mshape nan nan
1.8514222107051739 1.9496010392274223 1.9680390844836175 eshape 1.0 1.0 1.0 mshape nan nan
1.851311728733412 1.950995550793004 1.97042350456481 eshape 1.0 1.0 1.0 mshape nan nan
1.8516449636744288 1.950352391154573 1.9686623977238058 eshape 1.0 1.0 1.0 mshape nan nan
1.8508099326766412 1.9492742115166963 1.9677651059104888 eshape 1.0 1.0 1.0 mshape nan nan
1.8512437410827347 1.9502789835561525 1.9688172020444745 eshape 1.0 1.0 1.0 mshape nan nan
1.8511762019623754 1.9500175091542837 1.9692543712627786 eshape 1.0 1.0 1.0 mshape nan nan
1.8510773586184537 1.9491373960818612 1.9685654955652316 eshape 1.0 1.0 1.0 mshape nan nan
1.8517217415955343 1.9498117906037857 1.9693718213874152 eshape 1.0 1.0 1.0 mshape nan nan
1.85107516992905 1.950033399172993 1.9681836015380132 eshape 1.0 1.0 1.0 mshape nan nan
1.8513541693658322 1.9501142683956596 1.9697110359736294 eshape 1.0 1.0 1.0 mshape nan nan
1.851457877996339 1.9492880226490377 1.968791672445978 eshape 1.0 1.0 1.0 mshape nan nan
1.8512256685205786 1.95052356868147 1.9679537596723993 eshape 1.0 1.0 1.0 mshape nan nan
1.8516552853298078 1.950736783992461 1.9694804493890963 eshape 1.0 1.0 1.0 mshape nan nan
1.851360291022169 1.9502819522328214 1.9693397387818439 eshape 1.0 1.0 1.0 mshape nan nan
1.8514582605859524 1.950945279718474 1.9701796931577065 eshape 1.0 1.0 1.0 mshape nan nan
1.851385918711006 1.9508490030352073 1.968762875307905 eshape 1.0 1.0 1.0 mshape nan nan
1.8513951577694625 1.950112798159659 1.9679713919763593 eshape 1.0 1.0 1.0 mshape nan nan
1.8513721534037604 1.9505135778419809 1.9693548732323198 eshape 1.0 1.0 1.0 mshape nan nan
1.8509241063781476 1.9502245024060616 1.9679537797850835 eshape 1.0 1.0 1.0 mshape nan nan
1.8517410303919561 1.949913500554123 1.9692656260111892 eshape 1.0 1.0 1.0 mshape nan nan
1.851795199975447 1.9505425076499086 1.970346757820426 eshape 1.0 1.0 1.0 mshape nan nan
1.851637436902731 1.9504422815290616 1.9687547979206026 eshape 1.0 1.0 1.0 mshape nan nan
1.8512799544815892 1.9491516182968913 1.9665516526091296 eshape 1.0 1.0 1.0 mshape nan nan
1.8506308897947097 1.9486086080167662 1.9681703541161835 eshape 1.0 1.0 1.0 mshape nan nan
1.8511857493972128 1.949805377655073 1.9668674752383348 eshape 1.0 1.0 1.0 mshape nan nan
1.8512358086459488 1.9499710306590101 1.9689588480954827 eshape 1.0 1.0 1.0 mshape nan nan
1.8507400061228032 1.9489350843498816 1.968673934768348 eshape 1.0 1.0 1.0 mshape nan nan
1.8510200055387933 1.9500639663591528 1.9688914033199119 eshape 1.0 1.0 1.0 mshape nan nan
1.851304274561932 1.950234216291878 1.9680434802116475 eshape 1.0 1.0 1.0 mshape nan nan
1.8512834285215085 1.950200361164239 1.9699635780301064 eshape 1.0 1.0 1.0 mshape nan nan
1.8519491333026261 1.9503252874337973 1.969194234206337 eshape 1.0 1.0 1.0 mshape nan nan
1.8509996581834698 1.9504816804646359 1.9690323690179328 eshape 1.0 1.0 1.0 mshape nan nan
1.851615246953163 1.9505250783478145 1.9684258993458579 eshape 1.0 1.0 1.0 mshape nan nan
1.8511469937134288 1.9500933351957914 1.968047145909311 eshape 1.0 1.0 1.0 mshape nan nan
1.8504629316565628 1.9496262177625137 1.9673661470185762 eshape 1.0 1.0 1.0 mshape nan nan
1.8507422557060529 1.9493152452113742 1.9687895793532075 eshape 1.0 1.0 1.0 mshape nan nan
1.851289180978952 1.948846232055335 1.9669899347150208 eshape 1.0 1.0 1.0 mshape nan nan
1.8508097835251267 1.9501035661042734 1.9687341812410841 eshape 1.0 1.0 1.0 mshape nan nan
1.8516817060641562 1.9506002523826507 1.9682066925470818 eshape 1.0 1.0 1.0 mshape nan nan
1.8512651397663924 1.9499634337931504 1.9677429080461295 eshape 1.0 1.0 1.0 mshape nan nan
1.850839926732934 1.9498697522630417 1.9673448438094132 eshape 1.0 1.0 1.0 mshape nan nan
1.851526734873271 1.950200995617753 1.9683088646988272 eshape 1.0 1.0 1.0 mshape nan nan
1.8517632113487323 1.9495670741677626 1.967750184883555 eshape 1.0 1.0 1.0 mshape nan nan
1.851756697838121 1.9501940327394471 1.968861210129518 eshape 1.0 1.0 1.0 mshape nan nan
1.851709059284024 1.9498045828137376 1.9689527822731063 eshape 1.0 1.0 1.0 mshape nan nan
1.8513912467166216 1.9498453964653257 1.9692021039728633 eshape 1.0 1.0 1.0 mshape nan nan
1.851430036121134 1.9498579024288953 1.971043912886789 eshape 1.0 1.0 1.0 mshape nan nan
1.851268903302604 1.9507746824585581 1.9692475451486893 eshape 1.0 1.0 1.0 mshape nan nan
1.8508920505720265 1.949595993736787 1.96829626021373 eshape 1.0 1.0 1.0 mshape nan nan
1.8512519577900912 1.9489504444789258 1.9680963043809079 eshape 1.0 1.0 1.0 mshape nan nan
1.8511465172909658 1.9504352554024122 1.9687686799739417 eshape 1.0 1.0 1.0 mshape nan nan
1.8514146936205893 1.9506908367133025 1.9676056100074986 eshape 1.0 1.0 1.0 mshape nan nan
1.8517059619011493 1.9505159903627358 1.9686239658850389 eshape 1.0 1.0 1.0 mshape nan nan
1.8516761522832643 1.951107933463373 1.9704992651365068 eshape 1.0 1.0 1.0 mshape nan nan
1.8509216331579441 1.9488836026014325 1.9673232831325989 eshape 1.0 1.0 1.0 mshape nan nan
1.8518016620753697 1.9506925153338275 1.9707112472037291 eshape 1.0 1.0 1.0 mshape nan nan
1.8511358702490774 1.9503934619265588 1.968083872303826 eshape 1.0 1.0 1.0 mshape nan nan
1.8511032559805805 1.9495811674184103 1.9676998040945537 eshape 1.0 1.0 1.0 mshape nan nan
1.851502799050287 1.9507848089983149 1.967071826103432 eshape 1.0 1.0 1.0 mshape nan nan
1.8513587139193324 1.9496531171972464 1.9675655414583124 eshape 1.0 1.0 1.0 mshape nan nan
1.8513549790725081 1.949748210314964 1.9672673102900062 eshape 1.0 1.0 1.0 mshape nan nan
1.85079952814222 1.9489666379945836 1.968186180417027 eshape 1.0 1.0 1.0 mshape nan nan
1.851070185570038 1.950360498403502 1.9689696423683176 eshape 1.0 1.0 1.0 mshape nan nan
1.851729556876273 1.9502757300455689 1.969651877303535 eshape 1.0 1.0 1.0 mshape nan nan
1.8510432113489765 1.9505698670480751 1.9702405156327205 eshape 1.0 1.0 1.0 mshape nan nan
1.8510912232824772 1.950332366857844 1.9684369678671712 eshape 1.0 1.0 1.0 mshape nan nan
1.8510313584208449 1.949992110454199 1.9685386216054117 eshape 1.0 1.0 1.0 mshape nan nan
1.8512851246562385 1.950569160533909 1.9701357723193598 eshape 1.0 1.0 1.0 mshape nan nan
1.8514105355542325 1.949955888010493 1.9695545495755242 eshape 1.0 1.0 1.0 mshape nan nan
1.8511498373249637 1.9506037688634237 1.968367907832452 eshape 1.0 1.0 1.0 mshape nan nan
1.851276025389528 1.9508230726881761 1.969725486865233 eshape 1.0 1.0 1.0 mshape nan nan
1.8511120260262188 1.9486107970457172 1.968091660390464 eshape 1.0 1.0 1.0 mshape nan nan
1.8513517708489746 1.9508831770426964 1.9696113169735592 eshape 1.0 1.0 1.0 mshape nan nan
1.8517335266493073 1.9505451531194837 1.9701280314152967 eshape 1.0 1.0 1.0 mshape nan nan
1.8510947616228308 1.9495947460754548 1.9682165212422738 eshape 1.0 1.0 1.0 mshape nan nan
1.851314700101716 1.9499770673926156 1.9671740737207066 eshape 1.0 1.0 1.0 mshape nan nan
1.8517522078551563 1.9509103447739646 1.9680403485126177 eshape 1.0 1.0 1.0 mshape nan nan
1.8518000429512371 1.949741905662559 1.9695529444914606 eshape 1.0 1.0 1.0 mshape nan nan
1.8513326885456685 1.9500248132198945 1.9676755886371882 eshape 1.0 1.0 1.0 mshape nan nan
1.8514263832424434 1.949716053649366 1.9696575030848 eshape 1.0 1.0 1.0 mshape nan nan
1.8511705547890054 1.9498472736151067 1.9680825057927107 eshape 1.0 1.0 1.0 mshape nan nan
1.851347905425009 1.951293692459769 1.9707693324111217 eshape 1.0 1.0 1.0 mshape nan nan
1.8512869451568257 1.9497294945107635 1.9683812953618576 eshape 1.0 1.0 1.0 mshape nan nan
1.8508225777364367 1.949723023012105 1.9684663201379942 eshape 1.0 1.0 1.0 mshape nan nan
1.8506777751360595 1.949342498583994 1.967044362574902 eshape 1.0 1.0 1.0 mshape nan nan
1.8516758193308263 1.9502215625306838 1.9702139590364656 eshape 1.0 1.0 1.0 mshape nan nan
1.8512444450797607 1.9503246671961858 1.9690439450251156 eshape 1.0 1.0 1.0 mshape nan nan
1.8511804822285511 1.9504013877131685 1.9693694136680817 eshape 1.0 1.0 1.0 mshape nan nan
1.850964126206907 1.9500217927169383 1.9693784651996098 eshape 1.0 1.0 1.0 mshape nan nan
1.8515691175682176 1.9500056157659182 1.9676757765096127 eshape 1.0 1.0 1.0 mshape nan nan
1.8510706744941814 1.9508544234643048 1.9687244389425538 eshape 1.0 1.0 1.0 mshape nan nan
1.851095010973346 1.949251800918971 1.967902318784009 eshape 1.0 1.0 1.0 mshape nan nan
1.851522737074015 1.9503014998003847 1.9690152198827495 eshape 1.0 1.0 1.0 mshape nan nan
1.8514825804894992 1.949657427084196 1.9675937622977275 eshape 1.0 1.0 1.0 mshape nan nan
1.8509133271974436 1.94935862075481 1.968510533683733 eshape 1.0 1.0 1.0 mshape nan nan
1.8509652639139595 1.9497275699031307 1.967594900530757 eshape 1.0 1.0 1.0 mshape nan nan
1.8514857928134716 1.9509519266309372 1.9703427848526374 eshape 1.0 1.0 1.0 mshape nan nan
1.851046965199841 1.9500525232304469 1.968495030250696 eshape 1.0 1.0 1.0 mshape nan nan
1.8515695403679582 1.9493982565890842 1.969170819237635 eshape 1.0 1.0 1.0 mshape nan nan
1.8513847027699761 1.9499434982845625 1.9691737572898504 eshape 1.0 1.0 1.0 mshape nan nan
1.8507769626612571 1.949258051606189 1.9667205105788688 eshape 1.0 1.0 1.0 mshape nan nan
1.8514949050950587 1.9511745523636645 1.968957242447477 eshape 1.0 1.0 1.0 mshape nan nan
1.851193072172077 1.9501904937398418 1.9685018081861554 eshape 1.0 1.0 1.0 mshape nan nan
1.8514955409466827 1.9497249996671338 1.967924075140545 eshape 1.0 1.0 1.0 mshape nan nan
1.8517700657091012 1.9510724769191174 1.970125608411772 eshape 1.0 1.0 1.0 mshape nan nan
1.851538647507275 1.950220489984553 1.9680115754848915 eshape 1.0 1.0 1.0 mshape nan nan
1.8507832560200879 1.9484875592113677 1.9683639546771299 eshape 1.0 1.0 1.0 mshape nan nan
1.8512162010844735 1.95025290345886 1.9672266135145504 eshape 1.0 1.0 1.0 mshape nan nan
1.850828448114002 1.9492161974523265 1.9696045285087513 eshape 1.0 1.0 1.0 mshape nan nan
1.851148028335817 1.9489261131001947 1.9686589631663995 eshape 1.0 1.0 1.0 mshape nan nan
1.8513298140125447 1.9508400261495495 1.9696692942740346 eshape 1.0 1.0 1.0 mshape nan nan
1.8508941568617432 1.9495793701593327 1.9690621085007847 eshape 1.0 1.0 1.0 mshape nan nan
1.850831116786771 1.9493536643753369 1.9686412083854261 eshape 1.0 1.0 1.0 mshape nan nan
1.8514038287384853 1.9498985324253129 1.967484469540874 eshape 1.0 1.0 1.0 mshape nan nan
1.8510694862632753 1.9492042879315408 1.9679763844861333 eshape 1.0 1.0 1.0 mshape nan nan
1.851592571629465 1.9503900835999017 1.968873573864205 eshape 1.0 1.0 1.0 mshape nan nan
1.8511471872388459 1.9496506067839183 1.9682179330378553 eshape 1.0 1.0 1.0 mshape nan nan
1.8514274872960645 1.9506991531843638 1.9690311273355876 eshape 1.0 1.0 1.0 mshape nan nan
1.8510777353375831 1.9505570561931944 1.969970395829577 eshape 1.0 1.0 1.0 mshape nan nan
1.8519381694751764 1.9498668537538475 1.9682386277724568 eshape 1.0 1.0 1.0 mshape nan nan
1.850994784137805 1.9492576245074837 1.9678428837988498 eshape 1.0 1.0 1.0 mshape nan nan
1.8513551674569957 1.9491869999751947 1.9673296132414055 eshape 1.0 1.0 1.0 mshape nan nan
1.85132120799682 1.9492495134327152 1.968877548273635 eshape 1.0 1.0 1.0 mshape nan nan
1.850797403541802 1.949330752379253 1.97014585249096 eshape 1.0 1.0 1.0 mshape nan nan
1.8517145502427121 1.9503942041417592 1.9683537528932398 eshape 1.0 1.0 1.0 mshape nan nan
1.85079980904391 1.9496613696970508 1.9676578242189775 eshape 1.0 1.0 1.0 mshape nan nan
1.8511407016485344 1.9506552130793606 1.9693217571011439 eshape 1.0 1.0 1.0 mshape nan nan
1.8505254908981137 1.9488358794223226 1.9676884114781008 eshape 1.0 1.0 1.0 mshape nan nan
1.8518473084640157 1.9502147341628902 1.9686161534154132 eshape 1.0 1.0 1.0 mshape nan nan
1.8503535004354974 1.9486051605119017 1.9686611190603442 eshape 1.0 1.0 1.0 mshape nan nan
1.8510295829040613 1.9495485877448056 1.967280292500793 eshape 1.0 1.0 1.0 mshape nan nan
1.8514814727428 1.9495470727233872 1.970335649668514 eshape 1.0 1.0 1.0 mshape nan nan
1.851149120489094 1.9498092843936845 1.9698294398467509 eshape 1.0 1.0 1.0 mshape nan nan
1.8518283529008104 1.9513033430555062 1.9710922402786066 eshape 1.0 1.0 1.0 mshape nan nan
1.8515294510031264 1.9500792336125108 1.9701038193524734 eshape 1.0 1.0 1.0 mshape nan nan
1.8512660844982005 1.9490320614714358 1.968384628023199 eshape 1.0 1.0 1.0 mshape nan nan
1.8512618221367962 1.949669885553504 1.9677669460195744 eshape 1.0 1.0 1.0 mshape nan nan
1.85102233683093 1.9503638292896441 1.9695292398558943 eshape 1.0 1.0 1.0 mshape nan nan
1.8512340479430716 1.9504632429462279 1.9695535454740192 eshape 1.0 1.0 1.0 mshape nan nan
1.8513863424969506 1.9509907584233153 1.9692599781756546 eshape 1.0 1.0 1.0 mshape nan nan
1.851553123220323 1.9507657710105322 1.9691190775473015 eshape 1.0 1.0 1.0 mshape nan nan
1.8519061954690486 1.9509077968197464 1.968831778316881 eshape 1.0 1.0 1.0 mshape nan nan
1.8517064432709214 1.949435959393158 1.9684343868449752 eshape 1.0 1.0 1.0 mshape nan nan
1.8511404165589644 1.950136366030827 1.9677728703256028 eshape 1.0 1.0 1.0 mshape nan nan
1.851577534440223 1.949951744671613 1.9697853148815103 eshape 1.0 1.0 1.0 mshape nan nan
1.8517413408954855 1.9504724070340216 1.9698530872444775 eshape 1.0 1.0 1.0 mshape nan nan
1.8510346435251037 1.9501199141710575 1.9674261386370908 eshape 1.0 1.0 1.0 mshape nan nan
1.8511979867861608 1.9502291532269271 1.9695392848897226 eshape 1.0 1.0 1.0 mshape nan nan
1.8515057623594275 1.9508261805339362 1.9682625213406097 eshape 1.0 1.0 1.0 mshape nan nan
1.8510341512076232 1.9504244586337838 1.9681574530877644 eshape 1.0 1.0 1.0 mshape nan nan
1.850812428414181 1.9487583713793895 1.9672923211598654 eshape 1.0 1.0 1.0 mshape nan nan
1.851512718274102 1.9509555492141861 1.9682538065386326 eshape 1.0 1.0 1.0 mshape nan nan
1.8514057641103392 1.9508397634116574 1.9697326459583635 eshape 1.0 1.0 1.0 mshape nan nan
1.8512449660655552 1.9502051074536357 1.9700814312178057 eshape 1.0 1.0 1.0 mshape nan nan
1.851642385124775 1.9494480107440024 1.9685188701972123 eshape 1.0 1.0 1.0 mshape nan nan
1.8511205931018724 1.9500989639867061 1.9677521712182844 eshape 1.0 1.0 1.0 mshape nan nan
1.8508851085192588 1.9490464087422064 1.967932697292983 eshape 1.0 1.0 1.0 mshape nan nan
1.8512583666997178 1.950361394887901 1.9701367423602827 eshape 1.0 1.0 1.0 mshape nan nan
1.8510185350821282 1.9507085775552147 1.9691235926029909 eshape 1.0 1.0 1.0 mshape nan nan
1.85110298001843 1.9495794778639906 1.9681007042696228 eshape 1.0 1.0 1.0 mshape nan nan
1.8513191689990425 1.9503132383628108 1.9691244561432524 eshape 1.0 1.0 1.0 mshape nan nan
1.8515542414637123 1.950187366593638 1.968502956119362 eshape 1.0 1.0 1.0 mshape nan nan
1.8514121342419467 1.9507785757738543 1.96941397312722 eshape 1.0 1.0 1.0 mshape nan nan
1.8513197564445767 1.9496657491575482 1.968845675616357 eshape 1.0 1.0 1.0 mshape nan nan
1.8506516610303143 1.9491631830652905 1.966384651588766 eshape 1.0 1.0 1.0 mshape nan nan
1.8514282074655406 1.9507577034853512 1.9713380324963776 eshape 1.0 1.0 1.0 mshape nan nan
1.8513650416118974 1.949281340327886 1.9685283680804821 eshape 1.0 1.0 1.0 mshape nan nan
1.8513424844980146 1.9495294337773863 1.9703721163205874 eshape 1.0 1.0 1.0 mshape nan nan
1.8508767803424415 1.9491379746969877 1.9681038714515453 eshape 1.0 1.0 1.0 mshape nan nan
1.8509797261479932 1.9494415357436607 1.9676239008679788 eshape 1.0 1.0 1.0 mshape nan nan
1.8516658770669723 1.9493759593016575 1.9684568695730398 eshape 1.0 1.0 1.0 mshape nan nan
1.8510828224278506 1.9506099554323202 1.9696087658488997 eshape 1.0 1.0 1.0 mshape nan nan
1.8514178656372862 1.9500525202406436 1.9694961868818182 eshape 1.0 1.0 1.0 mshape nan nan
1.8511575607013468 1.9504717354599777 1.967197686987115 eshape 1.0 1.0 1.0 mshape nan nan
1.8512337489267308 1.950001739828076 1.9679735657390067 eshape 1.0 1.0 1.0 mshape nan nan
1.8507675067619402 1.949199777596725 1.9674817904145898 eshape 1.0 1.0 1.0 mshape nan nan
1.851362671898257 1.9511868632757041 1.9701871258974566 eshape 1.0 1.0 1.0 mshape nan nan
1.8513383898052753 1.949902697830201 1.9694042034518668 eshape 1.0 1.0 1.0 mshape nan nan
1.851655936138117 1.9506600715986238 1.9685804838152254 eshape 1.0 1.0 1.0 mshape nan nan
1.85112024947058 1.9498347498726172 1.9680065996275722 eshape 1.0 1.0 1.0 mshape nan nan
1.8513933158593294 1.948640716803746 1.9678100891939998 eshape 1.0 1.0 1.0 mshape nan nan
1.8516854340212998 1.9505922242214873 1.9696632631176123 eshape 1.0 1.0 1.0 mshape nan nan
1.8516005033918024 1.9501606615976486 1.9692206063771711 eshape 1.0 1.0 1.0 mshape nan nan
1.851711543249814 1.9504334281171585 1.969696810219309 eshape 1.0 1.0 1.0 mshape nan nan
1.8513157625864063 1.9497503522252984 1.9675734122573587 eshape 1.0 1.0 1.0 mshape nan nan
1.8516711914856214 1.9500542832924208 1.9694211357260452 eshape 1.0 1.0 1.0 mshape nan nan
1.8517822642432138 1.9499351636926598 1.9678871097625235 eshape 1.0 1.0 1.0 mshape nan nan
1.8516864674992861 1.9510036430342705 1.970329894992287 eshape 1.0 1.0 1.0 mshape nan nan
1.8514050923644632 1.950106801410138 1.968269045954493 eshape 1.0 1.0 1.0 mshape nan nan
1.8510439197202027 1.9497067149649274 1.9692801395886417 eshape 1.0 1.0 1.0 mshape nan nan
1.8514310888312784 1.9495638005040474 1.9684259436015548 eshape 1.0 1.0 1.0 mshape nan nan
1.8515648398527966 1.949243137536325 1.9683805180951253 eshape 1.0 1.0 1.0 mshape nan nan
1.8514373680138698 1.950428920874261 1.968535131737359 eshape 1.0 1.0 1.0 mshape nan nan
1.8514123274942917 1.95007698083746 1.9679602900443096 eshape 1.0 1.0 1.0 mshape nan nan
1.8509853902431452 1.949160903187596 1.968374269831447 eshape 1.0 1.0 1.0 mshape nan nan
1.8512560235504087 1.9499332161576373 1.9675871293625318 eshape 1.0 1.0 1.0 mshape nan nan
1.8510010609964043 1.950017500036184 1.9686887656364433 eshape 1.0 1.0 1.0 mshape nan nan
1.8506313885157653 1.948852747070478 1.9672170010881664 eshape 1.0 1.0 1.0 mshape nan nan
1.8509039825908873 1.948645371886133 1.9669939703136978 eshape 1.0 1.0 1.0 mshape nan nan
1.851133016697922 1.9491152727245082 1.9673096008661874 eshape 1.0 1.0 1.0 mshape nan nan
1.851221607269773 1.9506027288695502 1.9676279225263915 eshape 1.0 1.0 1.0 mshape nan nan
1.8505723585922713 1.9492673291812626 1.9668202882982984 eshape 1.0 1.0 1.0 mshape nan nan
1.8514442317983444 1.9509548599026498 1.971260991672528 eshape 1.0 1.0 1.0 mshape nan nan
1.8514782137945032 1.9509735839471638 1.9686767858156933 eshape 1.0 1.0 1.0 mshape nan nan
1.8511304576946113 1.9494797020781414 1.96783165873458 eshape 1.0 1.0 1.0 mshape nan nan
1.8502083815112724 1.9493479330302554 1.9676480954113573 eshape 1.0 1.0 1.0 mshape nan nan
1.8517465517853346 1.950788495609145 1.9700962733075975 eshape 1.0 1.0 1.0 mshape nan nan
1.8508330228485492 1.9503791162524684 1.9679281946015146 eshape 1.0 1.0 1.0 mshape nan nan
1.8514769744491515 1.949815797075575 1.9701534345321767 eshape 1.0 1.0 1.0 mshape nan nan
1.851205898267477 1.9500262710522056 1.9701718427118546 eshape 1.0 1.0 1.0 mshape nan nan
1.8511306740187334 1.949487723365899 1.9690075543829926 eshape 1.0 1.0 1.0 mshape nan nan
1.8514556639166226 1.949461470654526 1.9673889690156103 eshape 1.0 1.0 1.0 mshape nan nan
1.8516153928984627 1.9495991886039332 1.96842969303799 eshape 1.0 1.0 1.0 mshape nan nan
1.8512312615053272 1.949955906938234 1.9690080320389038 eshape 1.0 1.0 1.0 mshape nan nan
1.8509611465816989 1.9509277859387224 1.9684668857693326 eshape 1.0 1.0 1.0 mshape nan nan
1.8514064318021328 1.9503672116381523 1.9690625165735212 eshape 1.0 1.0 1.0 mshape nan nan
1.8512898720879234 1.9501031356884415 1.9680119798688525 eshape 1.0 1.0 1.0 mshape nan nan
1.8515590710530847 1.9495220451580393 1.966951471473818 eshape 1.0 1.0 1.0 mshape nan nan
1.850929891391451 1.9498759048630723 1.9681469254315556 eshape 1.0 1.0 1.0 mshape nan nan
1.8508147392523102 1.9498558577728322 1.968220281190059 eshape 1.0 1.0 1.0 mshape nan nan
1.851651705534871 1.9499061455008786 1.968100976694982 eshape 1.0 1.0 1.0 mshape nan nan
1.8511427604820516 1.9495541931067213 1.9672469125248975 eshape 1.0 1.0 1.0 mshape nan nan
1.8514942842821773 1.9500153970931775 1.9692324396025245 eshape 1.0 1.0 1.0 mshape nan nan
1.8512290376050005 1.9505520759135295 1.9681230604430529 eshape 1.0 1.0 1.0 mshape nan nan
1.8508296789681775 1.950254322152669 1.969948748328326 eshape 1.0 1.0 1.0 mshape nan nan
1.8510163630846659 1.949278234250398 1.9672173500177552 eshape 1.0 1.0 1.0 mshape nan nan
1.8511979768360285 1.9495112699709958 1.9681433270866582 eshape 1.0 1.0 1.0 mshape nan nan
1.8509442607458868 1.9494604910384843 1.9678822206228248 eshape 1.0 1.0 1.0 mshape nan nan
1.8509791433483214 1.9497222815998583 1.966764276147761 eshape 1.0 1.0 1.0 mshape nan nan
1.851078518017583 1.9500846946574244 1.9679507300148114 eshape 1.0 1.0 1.0 mshape nan nan
1.851168512297555 1.9490163027930312 1.9684271464689473 eshape 1.0 1.0 1.0 mshape nan nan
1.851066945389114 1.9501904030645294 1.9706311181128073 eshape 1.0 1.0 1.0 mshape nan nan
1.851159063477888 1.9491807193309127 1.968806685109125 eshape 1.0 1.0 1.0 mshape nan nan
1.8512493595669288 1.9496550967331532 1.968282854807018 eshape 1.0 1.0 1.0 mshape nan nan
1.8511335940628297 1.949966245883923 1.9690347702389777 eshape 1.0 1.0 1.0 mshape nan nan
1.8511614959446132 1.9498741945396652 1.9677160816729284 eshape 1.0 1.0 1.0 mshape nan nan
1.8517357981394942 1.949812304289815 1.967633484360894 eshape 1.0 1.0 1.0 mshape nan nan
1.8514645114160524 1.9492307660776422 1.9676107263299545 eshape 1.0 1.0 1.0 mshape nan nan
1.8509604082364954 1.9497838695239473 1.968235505627269 eshape 1.0 1.0 1.0 mshape nan nan
1.8516158630413146 1.9503230157924512 1.9690797871246264 eshape 1.0 1.0 1.0 mshape nan nan
1.8513382949166697 1.950152561740219 1.9691145712692555 eshape 1.0 1.0 1.0 mshape nan nan
1.8516658758083242 1.9502389976401897 1.9698336503455876 eshape 1.0 1.0 1.0 mshape nan nan
1.8512541865743901 1.9509796477183234 1.9689359297334132 eshape 1.0 1.0 1.0 mshape nan nan
1.8510315685963519 1.9497520814680853 1.9694682289657761 eshape 1.0 1.0 1.0 mshape nan nan
1.8517139066933503 1.9497346938933835 1.969071586792583 eshape 1.0 1.0 1.0 mshape nan nan
1.8513475411353004 1.9500960631340465 1.9684023614009323 eshape 1.0 1.0 1.0 mshape nan nan
1.850986197024989 1.949392071518004 1.968166068841018 eshape 1.0 1.0 1.0 mshape nan nan
1.8508934638737489 1.9489859266149179 1.9679178221684615 eshape 1.0 1.0 1.0 mshape nan nan
1.851657657627812 1.9502620112128564 1.9696187922417314 eshape 1.0 1.0 1.0 mshape nan nan
1.8504580566755706 1.948996077663318 1.9692409056049658 eshape 1.0 1.0 1.0 mshape nan nan
1.85185022466034 1.9497042845144226 1.9679828385101428 eshape 1.0 1.0 1.0 mshape nan nan
1.851245892652555 1.9500681417238432 1.9680947307218275 eshape 1.0 1.0 1.0 mshape nan nan
1.8507167222367764 1.9496796333297457 1.9684005107497726 eshape 1.0 1.0 1.0 mshape nan nan
1.850936899371043 1.9497284111585753 1.9671152306710589 eshape 1.0 1.0 1.0 mshape nan nan
1.8513226594720988 1.9505545148110006 1.9690392555528964 eshape 1.0 1.0 1.0 mshape nan nan
1.8510673333600045 1.94934262841497 1.96697910435141 eshape 1.0 1.0 1.0 mshape nan nan
1.850889689134933 1.9496858441943852 1.9675896617875355 eshape 1.0 1.0 1.0 mshape nan nan
1.8508139604855005 1.9502132231672284 1.968713372310532 eshape 1.0 1.0 1.0 mshape nan nan
1.8511523212719834 1.9490884663008703 1.9676803136197138 eshape 1.0 1.0 1.0 mshape nan nan
1.8510502000019669 1.9491396642549794 1.967473889907031 eshape 1.0 1.0 1.0 mshape nan nan
1.8512183686931944 1.9498877309807348 1.9687322488604841 eshape 1.0 1.0 1.0 mshape nan nan
1.8516405434222385 1.9504399640121688 1.9679536916375746 eshape 1.0 1.0 1.0 mshape nan nan
1.8504752134871283 1.9499035907244875 1.9675388512374414 eshape 1.0 1.0 1.0 mshape nan nan
1.849964920554973 1.9481656763822903 1.9670762854782446 eshape 1.0 1.0 1.0 mshape nan nan
1.8507257390068246 1.9505570074252379 1.9677024084927943 eshape 1.0 1.0 1.0 mshape nan nan
1.8508785833606127 1.950679163399497 1.9707950563759522 eshape 1.0 1.0 1.0 mshape nan nan
1.851498970436007 1.9498131314933485 1.9692583797047418 eshape 1.0 1.0 1.0 mshape nan nan
1.8509297666296585 1.9483973509056454 1.9681515973131307 eshape 1.0 1.0 1.0 mshape nan nan
1.8513401030297902 1.9485173727047957 1.9675974082921712 eshape 1.0 1.0 1.0 mshape nan nan
1.8510177797749434 1.9492133442365636 1.967686387448969 eshape 1.0 1.0 1.0 mshape nan nan
1.8512750146001378 1.9506093289743347 1.9689063324979172 eshape 1.0 1.0 1.0 mshape nan nan
1.8508658429441818 1.9499591115082835 1.9675266275275929 eshape 1.0 1.0 1.0 mshape nan nan
1.8506691461170988 1.9479567130563076 1.9660541979650716 eshape 1.0 1.0 1.0 mshape nan nan
1.8510891837408057 1.9506471925105986 1.9721858668493903 eshape 1.0 1.0 1.0 mshape nan nan
1.851398659992337 1.9504344769869484 1.96935945915175 eshape 1.0 1.0 1.0 mshape nan nan
1.8514921049970117 1.949808625160383 1.9684458247806185 eshape 1.0 1.0 1.0 mshape nan nan
1.8514388015929173 1.949931876543618 1.9690033946311756 eshape 1.0 1.0 1.0 mshape nan nan
1.8513060508734458 1.9493441188811267 1.9692548925497062 eshape 1.0 1.0 1.0 mshape nan nan
1.851432368882563 1.9495216921632346 1.968146235866484 eshape 1.0 1.0 1.0 mshape nan nan
1.8511804547368897 1.950107355664774 1.969417867633027 eshape 1.0 1.0 1.0 mshape nan nan
1.8513062534213014 1.9490772341312217 1.9692726671547789 eshape 1.0 1.0 1.0 mshape nan nan
1.850959700960556 1.9485343725109892 1.96690363829459 eshape 1.0 1.0 1.0 mshape nan nan
1.851113975310165 1.9495511553393825 1.9671259841460165 eshape 1.0 1.0 1.0 mshape nan nan
1.851401216022712 1.951300097190545 1.9690084193969049 eshape 1.0 1.0 1.0 mshape nan nan
1.850829129366662 1.9498953083504331 1.9675110668892972 eshape 1.0 1.0 1.0 mshape nan nan
1.8508723072106639 1.9509745001181964 1.9708801932227065 eshape 1.0 1.0 1.0 mshape nan nan
1.8514839975297603 1.949782577345869 1.968135174492026 eshape 1.0 1.0 1.0 mshape nan nan
1.8510770708020787 1.9496848711413506 1.9692803021615657 eshape 1.0 1.0 1.0 mshape nan nan
1.8514762685805426 1.9496960650532866 1.9690747329568843 eshape 1.0 1.0 1.0 mshape nan nan
1.8511964995393377 1.9489585067002317 1.9674098337820198 eshape 1.0 1.0 1.0 mshape nan nan
1.8515009674195748 1.9514128582162271 1.9689122268658772 eshape 1.0 1.0 1.0 mshape nan nan
1.8513201395019412 1.949793380751348 1.9691655712175375 eshape 1.0 1.0 1.0 mshape nan nan
1.8513561101348401 1.9503251845815393 1.9696772666353222 eshape 1.0 1.0 1.0 mshape nan nan
1.8510366360297166 1.9494371933835941 1.967909717569092 eshape 1.0 1.0 1.0 mshape nan nan
1.851127726138189 1.9496545146217819 1.9662260081373208 eshape 1.0 1.0 1.0 mshape nan nan
1.8510662002168259 1.9504954317150165 1.969703425706714 eshape 1.0 1.0 1.0 mshape nan nan
1.8512935035747002 1.9496239296423545 1.968873107589207 eshape 1.0 1.0 1.0 mshape nan nan
1.8508992337808925 1.949486013768954 1.9671707253876283 eshape 1.0 1.0 1.0 mshape nan nan
1.8515287731873042 1.9498952182404348 1.9688072936494923 eshape 1.0 1.0 1.0 mshape nan nan
1.8513630138785304 1.949032059994007 1.9678789215878494 eshape 1.0 1.0 1.0 mshape nan nan
1.851261966905941 1.9484849559861808 1.9676662155143243 eshape 1.0 1.0 1.0 mshape nan nan
1.8508626829776653 1.9498390323052972 1.9679929654952073 eshape 1.0 1.0 1.0 mshape nan nan
1.8515899952759454 1.9506055571664431 1.9686798400201106 eshape 1.0 1.0 1.0 mshape nan nan
1.851158718995845 1.9492344183490773 1.9672433903761957 eshape 1.0 1.0 1.0 mshape nan nan
1.851048506528927 1.94969993981083 1.9700334730899154 eshape 1.0 1.0 1.0 mshape nan nan
1.851273341315696 1.9502174667570638 1.9679496413908781 eshape 1.0 1.0 1.0 mshape nan nan
1.8520505592194585 1.9506745331679427 1.9691167873032898 eshape 1.0 1.0 1.0 mshape nan nan
1.8513813854872647 1.948847356857367 1.9686197854656025 eshape 1.0 1.0 1.0 mshape nan nan
1.851258105907953 1.9497077530226625 1.969090064348043 eshape 1.0 1.0 1.0 mshape nan nan
1.850941283128626 1.950154558862548 1.9677174557009163 eshape 1.0 1.0 1.0 mshape nan nan
1.85112750667211 1.9511997253794835 1.969851740823619 eshape 1.0 1.0 1.0 mshape nan nan
1.8508305199729749 1.949309441810569 1.9673910902487548 eshape 1.0 1.0 1.0 mshape nan nan
1.8513981623757934 1.9496180164008838 1.967306650239851 eshape 1.0 1.0 1.0 mshape nan nan
1.850893946668565 1.9494433801658266 1.9683978996701201 eshape 1.0 1.0 1.0 mshape nan nan
1.8512674839595091 1.9490233897196612 1.9673368502639927 eshape 1.0 1.0 1.0 mshape nan nan
1.8512757626015248 1.9491749032596166 1.968014520046927 eshape 1.0 1.0 1.0 mshape nan nan
1.8509408542194359 1.9498392878242636 1.9690186997931223 eshape 1.0 1.0 1.0 mshape nan nan
1.850550094707797 1.9472000961144367 1.966697558104077 eshape 1.0 1.0 1.0 mshape nan nan
1.8512474143699285 1.9495515385833595 1.9691744600560812 eshape 1.0 1.0 1.0 mshape nan nan
1.85129313045244 1.9499827404638224 1.9671750256252072 eshape 1.0 1.0 1.0 mshape nan nan
1.8509700518952208 1.9491289649531316 1.9681632080683105 eshape 1.0 1.0 1.0 mshape nan nan
1.850634623916594 1.9496064460208617 1.9672245974153735 eshape 1.0 1.0 1.0 mshape nan nan
1.850892615287154 1.9492939123628135 1.96890441621186 eshape 1.0 1.0 1.0 mshape nan nan
1.8510685684156223 1.949154738661623 1.968208964445049 eshape 1.0 1.0 1.0 mshape nan nan
1.8516478805298973 1.9496852747010192 1.967798819713359 eshape 1.0 1.0 1.0 mshape nan nan
1.8514473553406583 1.9499033975455116 1.9675637935608505 eshape 1.0 1.0 1.0 mshape nan nan
1.85174935411786 1.9506710635893327 1.9688471575033824 eshape 1.0 1.0 1.0 mshape nan nan
1.8506565152841454 1.94877090076769 1.9669675512981863 eshape 1.0 1.0 1.0 mshape nan nan
1.8512752049970234 1.9503305219901186 1.9695824217860352 eshape 1.0 1.0 1.0 mshape nan nan
1.8509966850057882 1.9497365297441833 1.9682112181841616 eshape 1.0 1.0 1.0 mshape nan nan
1.8516158308488087 1.9507934639239672 1.969119432212364 eshape 1.0 1.0 1.0 mshape nan nan
1.851416987745283 1.9497801745602665 1.9675131305500686 eshape 1.0 1.0 1.0 mshape nan nan
1.850540290443349 1.9487111860909376 1.9668462434186793 eshape 1.0 1.0 1.0 mshape nan nan
1.8518783213533339 1.9499968701600658 1.9701895811435688 eshape 1.0 1.0 1.0 mshape nan nan
1.85083322581103 1.9502310137176286 1.9694170189869347 eshape 1.0 1.0 1.0 mshape nan nan
1.8515005483841498 1.9512395406790892 1.969596919245319 eshape 1.0 1.0 1.0 mshape nan nan
1.8512828611729328 1.949926312137389 1.9683927932371021 eshape 1.0 1.0 1.0 mshape nan nan
1.8515465474826214 1.9507685417639855 1.9695643076356957 eshape 1.0 1.0 1.0 mshape nan nan
1.8513627515810132 1.95024719909999 1.9689935722113228 eshape 1.0 1.0 1.0 mshape nan nan
1.8511004091638055 1.9499627290319714 1.9683258135689994 eshape 1.0 1.0 1.0 mshape nan nan
1.8504677007006436 1.9482047703636585 1.9655362963717438 eshape 1.0 1.0 1.0 mshape nan nan
1.8512371638758292 1.9493036250313596 1.9688654907314616 eshape 1.0 1.0 1.0 mshape nan nan
1.8513791787585556 1.94966658235538 1.968046304724698 eshape 1.0 1.0 1.0 mshape nan nan
1.85151250708597 1.951517605036231 1.9697896594809619 eshape 1.0 1.0 1.0 mshape nan nan
1.8516003217512473 1.950714262058093 1.969604607517036 eshape 1.0 1.0 1.0 mshape nan nan
1.8519569850691564 1.9508097117641152 1.9688671851278279 eshape 1.0 1.0 1.0 mshape nan nan
1.8511896114715243 1.9506221037027671 1.969128031490932 eshape 1.0 1.0 1.0 mshape nan nan
1.8511346800720627 1.949167665443105 1.9679266160129354 eshape 1.0 1.0 1.0 mshape nan nan
1.8505352107689095 1.9490908528096704 1.9678460006852518 eshape 1.0 1.0 1.0 mshape nan nan
1.8511601484295432 1.9492544369655935 1.9678202315362197 eshape 1.0 1.0 1.0 mshape nan nan
1.850992889608257 1.9490111164030053 1.9689744273234735 eshape 1.0 1.0 1.0 mshape nan nan
1.8516299503432163 1.951033634508647 1.9688301936612422 eshape 1.0 1.0 1.0 mshape nan nan
1.851298866521906 1.9497848755758285 1.9672859354071457 eshape 1.0 1.0 1.0 mshape nan nan
1.8509861477836138 1.9499267917705623 1.9683052056374777 eshape 1.0 1.0 1.0 mshape nan nan
1.8518743090612182 1.9502835658945816 1.968872915246368 eshape 1.0 1.0 1.0 mshape nan nan
1.8509972669796582 1.9496897059513187 1.9685142247636929 eshape 1.0 1.0 1.0 mshape nan nan
1.8517607210399367 1.950652617694556 1.9712437119508874 eshape 1.0 1.0 1.0 mshape nan nan
